bidder_id,company_name,login_email,aadhaar_number,pan_number,gstin,cin_number,is_msme,udyam_reg_no,fy_turnover_cr,ca_udin,mii_percentage,director_name,director_din,registered_address,tampered_flag
BID_1000,Apex Tech Solutions Pvt Ltd,info@apextechsolutions.co.in,XXXX XXXX 8697,OSTCY7400J,09OSTCY7400J6ZO,L48662KA2006ZYU950352,False,UDYAM-DL-48-7507343,15.20,24541576MXGKYM5021,72.0,Vyanjana Venkataraman,07816442,"Plot 227, Okhla Industrial Estate, New Delhi - 644995",False
BID_1001,Zenith Infra Corp,sales@zenithinfracorp.biz.in,XXXX XXXX 4407,ARPCO8931W,29ARPCO8931W4ZX,U47446DL2021HLV479291,False,UDYAM-MH-47-9693181,10.50,24904586FDBOGT3065,42.0,Chandresh Chaudhuri,98695415,"Plot 178, Ambattur Industrial Estate, Chennai - 241175",True
BID_1002,Nexus Digital Systems Pvt Ltd,gem.desk@nexusdigitalsystems.biz.in,XXXX XXXX 6102,VQYCA0464D,09VQYCA0464D8Z9,U95815GJ2014IPR031905,False,UDYAM-KA-84-7178157,131.63,24918344CHIGMU4434,29.0,Suresh Kumar,07654321,"Plot 18, Whitefield Industrial Zone, Bengaluru",False
BID_1003,Synergy Smart Technologies LLP,bids@synergysmarttechnologies.biz.in,XXXX XXXX 6822,YJECR6726I,09YJECR6726I5ZM,L55617DL2008ERT716528,False,UDYAM-KA-23-2048740,28.63,24016593UPRPYI2498,71.5,Suresh Kumar,07654321,"Plot 18, Whitefield Industrial Zone, Bengaluru",False
BID_1004,Pratham Innovations LLP,sales@prathaminnovations.biz.in,XXXX XXXX 5414,HKPCA5357D,27HKPCA5357D8ZA,L61136UP2004APJ324215,True,UDYAM-GJ-01-0098765,1.80,24696321AHMGIY5856,85.0,Wahab Jain,95267360,"Plot 63, Taloja MIDC, Navi Mumbai - 025178",False
BID_1005,Swamy LLP,bids@swamy.com,XXXX XXXX 0513,QCJCX2719R,07QCJCX2719R4ZT,L93956MH2011CDK537618,False,UDYAM-DL-22-1396869,194.23,24321619MWSJQQ3915,82.1,Dayamai Toor,64507043,"Plot 193, Noida Sector 63 Industrial Area, Noida - 235397",False
BID_1006,Hegde LLP,info@hegde.in,XXXX XXXX 8427,KEUCH8973Z,24KEUCH8973Z7ZN,L45743DL2005GWG523172,False,UDYAM-GJ-56-3534074,160.08,24364748IAFDWG0242,67.3,Om Sidhu,06500324,"Plot 156, Noida Sector 63 Industrial Area, Noida - 135765",False
BID_1007,Pai-Gola LLP,sales@paigola.biz.in,XXXX XXXX 8864,AYBCR7999V,07AYBCR7999V6ZV,U34432UP2010DMJ843573,False,UDYAM-DL-58-8765589,214.00,24699024WDFWUS1683,68.8,Charles Shan,57167117,"Plot 205, Noida Sector 63 Industrial Area, Noida - 588228",False
BID_1008,Sura-Muni LLP,gem.desk@suramuni.biz.in,XXXX XXXX 7138,GOJCO1676N,27GOJCO1676N8Z8,L35806GJ1999XDN403868,False,UDYAM-MH-30-5806182,126.17,24710761EQEYZA9697,41.5,Fiyaz Chahal,30588417,"Plot 144, Guindy Industrial Estate, Chennai - 946596",False
BID_1009,Mukherjee-Samra Limited,admin@mukherjeesamra.in,XXXX XXXX 9274,TZCCO3855D,29TZCCO3855D5ZS,L00541UP2020OLM081105,True,UDYAM-KA-29-7061997,19.10,24114354FSNUHW3785,46.5,Pooja Krishnan,81558554,"Plot 207, Okhla Industrial Estate, New Delhi - 884920",False
BID_1010,Kade-Sahota Pvt Ltd,info@kadesahota.co.in,XXXX XXXX 6683,NXCCF9076W,27NXCCF9076W9ZH,U50996TN2015YYX969006,False,UDYAM-MH-20-6090755,137.35,24061255IHQECI7198,78.4,Max Ghosh,84663410,"Plot 98, Okhla Industrial Estate, New Delhi - 944553",False
BID_1011,Andra-Dash Limited,sales@andradash.biz.in,XXXX XXXX 5219,RAGCD3236V,09RAGCD3236V3ZT,L93775MH2016MYP561163,False,UDYAM-UP-42-4216050,113.74,24602677KWRECK6636,42.7,Chakradev Barman,59639250,"Plot 160, Rudrapur Industrial Estate, Uttarakhand - 114543",False
BID_1012,Edwin PLC Pvt Ltd,procurement@edwinplc.in,XXXX XXXX 3549,RPTCZ5324W,24RPTCZ5324W9Z6,U88639GJ2011FKL698853,True,UDYAM-GJ-88-0216484,1.73,24800316CCVWOM5131,55.0,Wazir Menon,80974906,"Plot 109, Manesar Industrial Area, Gurugram - 940479",False
BID_1013,Saxena-Sodhi LLP,sales@saxenasodhi.co.in,XXXX XXXX 5511,EQGCR5431E,24EQGCR5431E5ZQ,U76374UP1997PQI883761,False,UDYAM-GJ-40-6527829,113.23,24644431JVLRPO3733,38.8,Logan Dey,43468297,"Plot 30, Baddi Industrial Area, Himachal Pradesh - 323870",False
BID_1014,Sagar-Varghese LLP,procurement@sagarvarghese.com,XXXX XXXX 1260,BFBCL9951T,27BFBCL9951T9Z7,L21419DL2020UZW704877,False,UDYAM-MH-84-3671032,136.36,24194621UHXFKJ9805,27.0,Thomas Pradhan,51235802,"Plot 143, Peenya Industrial Area, Bengaluru - 781121",False
BID_1015,"Khosla, Jaggi and Sahni LLP",procurement@khoslajaggiandsahni.com,XXXX XXXX 6588,PMECY1306E,29PMECY1306E5Z8,L93974DL2024HGK791326,True,UDYAM-KA-44-2199007,8.46,24723679MLQIJO2634,84.5,Qasim Kant,06704660,"Plot 38, Rudrapur Industrial Estate, Uttarakhand - 647631",False
BID_1016,"Dayal, Mandal and Kalla Pvt Ltd",admin@dayalmandalandkalla.co.in,XXXX XXXX 6775,GFFCG4617Q,07GFFCG4617Q8ZW,L38687KA2000ILK440332,False,UDYAM-DL-55-7923778,86.02,24029820BVUIVT8574,29.0,Aayush Pillai,61082353,"Plot 58, Naroda Industrial Estate, Ahmedabad - 626952",False
BID_1017,Arya LLP,info@arya.com,XXXX XXXX 1109,HZTCX0522A,24HZTCX0522A3ZZ,L64505DL1996WZB310009,True,UDYAM-GJ-40-7549041,39.42,24122080FYIKTZ8433,81.1,Ganga Zacharia,20814501,"Plot 155, Rudrapur Industrial Estate, Uttarakhand - 848761",False
BID_1018,"Sampath, Chopra and Nanda LLP",procurement@sampathchopraandnanda.in,XXXX XXXX 6288,QFWCC7810E,09QFWCC7810E8ZG,U15188TN2014CHM048353,True,UDYAM-UP-49-2334819,18.82,24859871NXYSIQ0245,90.9,Kashish Halder,60876338,"Plot 166, Okhla Industrial Estate, New Delhi - 556423",False
BID_1019,Pant Limited,procurement@pant.com,XXXX XXXX 1714,XBCCH7183L,24XBCCH7183L7ZM,U58146UP2011DRP611944,False,UDYAM-GJ-01-5963922,195.24,24917826BIJPOK5732,49.0,Diya Goyal,09913131,"Plot 95, Hosur Industrial Estate, Hosur - 128621",False
BID_1020,"Bhatti, Wason and Savant LLP",gem.desk@bhattiwasonandsavant.biz.in,XXXX XXXX 1396,ZHOCQ1257C,33ZHOCQ1257C4ZX,L79112TN2023RJM874320,False,UDYAM-TN-31-8536274,22.26,24276323YAKIGF2476,32.5,Tanveer Mani,54169423,"Plot 154, Naroda Industrial Estate, Ahmedabad - 802135",False
BID_1021,Rai Pvt Ltd,procurement@rai.biz.in,XXXX XXXX 2062,VKRCA4353C,27VKRCA4353C7ZT,L45092GJ2000UAQ843796,True,UDYAM-MH-00-7574015,34.32,24782204LLUHEF4445,26.4,Ishani Koshy,03987247,"Plot 169, Patparganj Industrial Area, New Delhi - 468095",False
BID_1022,Bansal-Kata LLP,sales@bansalkata.co.in,XXXX XXXX 0960,FBSCW3459F,27FBSCW3459F8ZF,L59182GJ1997JAZ176114,False,UDYAM-MH-13-3510623,200.21,24985370LGNCHD0227,48.0,Unni Sarma,07071470,"Plot 85, Rudrapur Industrial Estate, Uttarakhand - 676090",False
BID_1023,Shanker LLP,info@shanker.biz.in,XXXX XXXX 7448,OYVCW9223L,07OYVCW9223L2ZW,U36667DL2016EHW068160,False,UDYAM-DL-66-8053871,61.42,24953260JJWXTU7129,52.6,Jagvi Suresh,98420303,"Plot 203, Peenya Industrial Area, Bengaluru - 052436",False
BID_1024,"Som, Ganguly and D’Alia Limited",sales@somgangulyanddalia.biz.in,XXXX XXXX 1729,DHFCC4902W,09DHFCC4902W1Z5,U44185UP2007QBA782589,True,UDYAM-UP-29-2986391,32.90,24923211ZYEVOD9801,47.5,Sanya Mitter,67840454,"Plot 65, Sanand GIDC Industrial Area, Ahmedabad - 597155",False
BID_1025,Puri Limited,info@puri.co.in,XXXX XXXX 9927,IMKCA7376G,09IMKCA7376G7Z5,L57513MH2003UWL428160,True,UDYAM-UP-10-5486233,2.18,24927510MXIDTF8154,58.6,Luke Buch,14779434,"Plot 36, Guindy Industrial Estate, Chennai - 092197",False
BID_1026,Borde-Gola Pvt Ltd,sales@bordegola.in,XXXX XXXX 2694,XMCCF7287J,33XMCCF7287J4ZC,U25398DL2004VFO857912,True,UDYAM-TN-63-4890793,26.19,24932879EVBSDV3730,45.9,Wyatt Gala,96208008,"Plot 84, Rudrapur Industrial Estate, Uttarakhand - 337722",False
BID_1027,Swaminathan Pvt Ltd,admin@swaminathan.in,XXXX XXXX 7305,NGYCF1728Q,33NGYCF1728Q9ZK,L28273TN2017USC614383,False,UDYAM-TN-87-2260959,218.96,24641953NKITZU5784,28.6,Om Karnik,35591332,"Plot 10, Hosur Industrial Estate, Hosur - 715559",False
BID_1028,Sem-Dua LLP,gem.desk@semdua.in,XXXX XXXX 9135,MDHCI3494R,24MDHCI3494R1ZR,L12644KA2016REY138364,False,UDYAM-GJ-47-6890590,186.45,24944980KJMKXY5924,63.6,Zansi Saini,71777121,"Plot 100, Peenya Industrial Area, Bengaluru - 959316",False
BID_1029,Mandal Limited,info@mandal.co.in,XXXX XXXX 1274,YITCI1946G,27YITCI1946G4Z3,U77466MH1995ZUG091582,True,UDYAM-MH-41-0369312,26.85,24636763LTDKBY1613,33.9,Akshay Maharaj,52449603,"Plot 169, Taloja MIDC, Navi Mumbai - 702505",False
BID_1030,Natt Limited,bids@natt.biz.in,XXXX XXXX 0870,ZAVCG8946O,29ZAVCG8946O5ZY,L13602DL2019OQT545493,True,UDYAM-KA-30-2748201,22.98,24987409POSPKY1315,28.6,Vaishnavi Baria,46487275,"Plot 216, MIDC Industrial Area, Pune - 578923",True
BID_1031,"Misra, Yadav and Vyas LLP",info@misrayadavandvyas.biz.in,XXXX XXXX 1014,EQYCU2239S,27EQYCU2239S8Z1,L22581DL2007XFQ358799,True,UDYAM-MH-00-5098253,14.41,24001109FLUZMX0844,86.0,Edhitha Lala,97891638,"Plot 52, Manesar Industrial Area, Gurugram - 945073",False
BID_1032,"Shan, Grover and Dar Limited",admin@shangroveranddar.in,XXXX XXXX 7169,EKWCB9909B,27EKWCB9909B7ZY,U18699UP2019VSO384702,True,UDYAM-MH-34-1831526,11.21,24971813ABOTEH1121,37.2,Eiravati Seshadri,97107927,"Plot 86, Taloja MIDC, Navi Mumbai - 755939",False
BID_1033,Ramachandran-Issac Pvt Ltd,info@ramachandranissac.in,XXXX XXXX 0705,IBWCL1167Y,09IBWCL1167Y2Z0,U65307GJ2009EWW186978,True,UDYAM-UP-85-2366203,31.18,24025551YHAYSP9062,86.4,Hemang Gole,05873022,"Plot 135, Naroda Industrial Estate, Ahmedabad - 193730",False
BID_1034,"Venkatesh, Murthy and Karnik Pvt Ltd",info@venkateshmurthyandkarnik.in,XXXX XXXX 6446,HMLCK2339Y,27HMLCK2339Y1ZD,L90832GJ1995TUS632690,False,UDYAM-MH-01-4713355,191.26,24055663XWTDEG7768,81.2,Yashica Vasa,67530542,"Plot 33, Okhla Industrial Estate, New Delhi - 744973",False
BID_1035,Upadhyay LLP,sales@upadhyay.biz.in,XXXX XXXX 2689,IJRCT0850G,24IJRCT0850G5ZX,U53699DL2010MFP201753,False,UDYAM-GJ-49-7079031,140.82,24939712JLXTKJ3313,26.7,Arin Lal,42646635,"Plot 80, Ambattur Industrial Estate, Chennai - 144358",True
BID_1036,Vohra-Chacko LLP,info@vohrachacko.in,XXXX XXXX 5117,WVICL3728S,29WVICL3728S7ZC,L28763UP1997GMI488165,False,UDYAM-KA-25-3177615,153.18,24490143WCKEHG4282,80.2,Widisha Tandon,88656673,"Plot 66, Baddi Industrial Area, Himachal Pradesh - 619385",False
BID_1037,Ben PLC LLP,info@benplc.com,XXXX XXXX 1105,WNGCE1650V,29WNGCE1650V3ZV,U79777GJ2024ZBJ737352,False,UDYAM-KA-74-9803463,130.27,24069204TGXPAO8053,44.4,Januja Lad,72993489,"Plot 99, Naroda Industrial Estate, Ahmedabad - 385252",False
BID_1038,Sarkar Limited,contact@sarkar.com,XXXX XXXX 6905,TSCCK2032U,27TSCCK2032U3ZF,L47033TN1999UHR259601,False,UDYAM-MH-36-3954652,68.63,24292604IBSHIX8993,70.5,Arin Dugar,35475149,"Plot 52, Ambattur Industrial Estate, Chennai - 114246",False
BID_1039,Raval-Sankar LLP,admin@ravalsankar.biz.in,XXXX XXXX 0579,KHSCD8899N,33KHSCD8899N2ZL,U77392TN2017RAE806286,False,UDYAM-TN-28-1954922,233.01,24830096IAFTOY2120,83.2,Manya Joshi,76838268,"Plot 148, Patparganj Industrial Area, New Delhi - 651573",False
BID_1040,Nanda LLP,sales@nanda.com,XXXX XXXX 2229,XFRCG0030O,33XFRCG0030O4ZW,L57400MH2009RME100469,False,UDYAM-TN-24-3111765,210.19,24192830GTHICZ0976,28.2,Jack Edwin,52672738,"Plot 49, Hosur Industrial Estate, Hosur - 516759",False
BID_1041,Kala-Khatri Limited,procurement@kalakhatri.in,XXXX XXXX 6045,MHZCL0011F,27MHZCL0011F9ZS,L46087KA2000FBE573640,False,UDYAM-MH-53-2525080,224.13,24554745AZXQHB4240,57.2,Raksha Kunda,31304319,"Plot 205, Peenya Industrial Area, Bengaluru - 070021",False
BID_1042,"Tailor, Palan and Kari LLP",contact@tailorpalanandkari.in,XXXX XXXX 4801,ZJQCJ7776D,07ZJQCJ7776D9ZE,U29283KA2001ESH239430,True,UDYAM-DL-81-9927118,14.12,24439081MLRVPD3313,40.8,Balveer Kata,36647295,"Plot 32, Whitefield Industrial Zone, Bengaluru - 127360",False
BID_1043,"Dua, Barman and Gour Limited",info@duabarmanandgour.co.in,XXXX XXXX 9266,QKUCJ2281F,33QKUCJ2281F5ZO,L22931GJ2002ZJM619109,False,UDYAM-TN-39-4877377,197.24,24259119UMMCTQ6391,91.0,Dev Pradhan,08778979,"Plot 135, Sanand GIDC Industrial Area, Ahmedabad - 805129",False
BID_1044,"Majumdar, Das and Narang LLP",contact@majumdardasandnarang.com,XXXX XXXX 4934,ZWRCT2983S,33ZWRCT2983S2ZT,U61922MH2021LBS367662,False,UDYAM-TN-20-7850599,102.37,24193640TMFZFG8141,85.7,Niharika Doshi,89553832,"Plot 137, Noida Sector 63 Industrial Area, Noida - 146399",False
BID_1045,"Nair, Chhabra and Salvi Pvt Ltd",admin@nairchhabraandsalvi.com,XXXX XXXX 5047,OIPCR9648R,33OIPCR9648R4Z1,U16881MH2018ARP493436,False,UDYAM-TN-18-8143826,118.67,24049432KOGAMS2203,57.5,Nikita Atwal,02420472,"Plot 217, Guindy Industrial Estate, Chennai - 167157",False
BID_1046,Dutta-Vohra Limited,procurement@duttavohra.com,XXXX XXXX 4116,LVUCH1498R,29LVUCH1498R8ZA,L56172KA2011FZV965191,False,UDYAM-KA-07-4846323,123.22,24142306WDQISK9670,27.0,Geetika Naidu,23318762,"Plot 107, Ambattur Industrial Estate, Chennai - 970727",False
BID_1047,"Sethi, Koshy and Datta Limited",bids@sethikoshyanddatta.biz.in,XXXX XXXX 9510,HQTCE5897F,24HQTCE5897F6Z7,U87679GJ2005HTG634327,False,UDYAM-GJ-38-1644933,172.33,24652037EFLRVV8322,29.6,Qabil Sridhar,83891154,"Plot 172, Manesar Industrial Area, Gurugram - 443833",False
BID_1048,Rout-Parikh Pvt Ltd,contact@routparikh.in,XXXX XXXX 7176,SEUCN7155P,24SEUCN7155P1ZE,L87985UP2018FWC452638,False,UDYAM-GJ-70-5146607,159.62,24537309LXFVIC1411,86.3,Jagvi Wason,23459424,"Plot 5, Taloja MIDC, Navi Mumbai - 591153",False
BID_1049,Kari LLP,contact@kari.co.in,XXXX XXXX 6743,DPFCC1590I,24DPFCC1590I1ZS,U43582GJ1996QMN348100,True,UDYAM-GJ-38-4467451,19.13,24346411IEBMSF8691,67.7,Vaishnavi Lall,34444968,"Plot 56, Whitefield Industrial Zone, Bengaluru - 214069",False
BID_1050,"Iyengar, Parmer and Pingle Pvt Ltd",admin@iyengarparmerandpingle.in,XXXX XXXX 7370,VTCCA1340G,27VTCCA1340G6ZW,U55900UP2021CYD900720,False,UDYAM-MH-55-5310399,181.20,24200443USOLMK7034,48.2,Bhanumati Doshi,27973083,"Plot 234, Hosur Industrial Estate, Hosur - 647269",False
BID_1051,Garde-Dave Limited,gem.desk@gardedave.biz.in,XXXX XXXX 8594,XDOCA8444E,33XDOCA8444E9Z6,U13023KA2009CBQ172342,False,UDYAM-TN-79-8000827,61.97,24488670QHWPSF5967,91.1,Bhavna Palla,44249029,"Plot 170, Baddi Industrial Area, Himachal Pradesh - 654031",False
BID_1052,Chand Pvt Ltd,bids@chand.co.in,XXXX XXXX 3940,LLNCE5837W,29LLNCE5837W6ZN,U28984DL2000GPE911936,False,UDYAM-KA-44-0220092,224.53,24136445PURISF7866,70.2,Chandresh Dani,77659355,"Plot 30, Okhla Industrial Estate, New Delhi - 334393",False
BID_1053,Dara PLC Limited,bids@daraplc.com,XXXX XXXX 4911,QGTCB1697I,24QGTCB1697I5ZV,U81739KA2013ZBE766915,False,UDYAM-GJ-24-6743564,33.64,24968309QFVLOS1240,28.2,Ria Gara,00157816,"Plot 10, Naroda Industrial Estate, Ahmedabad - 616619",False
BID_1054,Bhardwaj LLP,admin@bhardwaj.in,XXXX XXXX 9001,SHUCO6022E,24SHUCO6022E8ZS,U23540TN2003KUP408298,False,UDYAM-GJ-90-0511258,18.21,24015935BRNIKP3499,74.0,Sneha Goel,60780462,"Plot 185, Patparganj Industrial Area, New Delhi - 867333",False
BID_1055,"Mane, Butala and Rastogi Pvt Ltd",bids@manebutalaandrastogi.biz.in,XXXX XXXX 0504,VIBCF8328N,29VIBCF8328N3ZX,L24124KA2018ZGF557541,False,UDYAM-KA-02-6943455,193.66,24094382HVSAIT3863,94.2,Manya Lad,63447235,"Plot 225, Baddi Industrial Area, Himachal Pradesh - 628609",False
BID_1056,Kapoor PLC LLP,bids@kapoorplc.biz.in,XXXX XXXX 0741,METCW2348I,29METCW2348I3ZF,L31162MH2011GLS634395,True,UDYAM-KA-27-0164150,2.59,24215956YDYQIV1160,80.4,Radha Sahni,66576955,"Plot 92, Taloja MIDC, Navi Mumbai - 293007",False
BID_1057,Deshmukh-Sarkar Limited,procurement@deshmukhsarkar.biz.in,XXXX XXXX 2226,XMRCU0181Y,09XMRCU0181Y2ZE,L72621TN2004GZQ439310,True,UDYAM-UP-48-7706268,14.12,24436602XRXJKT9356,29.3,Eta Dube,23120931,"Plot 41, Taloja MIDC, Navi Mumbai - 640545",False
BID_1058,Patla-Walia LLP,sales@patlawalia.in,XXXX XXXX 0433,MZCCL9737N,07MZCCL9737N1Z2,L25736TN1995YGE937933,True,UDYAM-DL-43-2170531,34.18,24242268OHTVZQ4727,23.7,Avi Agrawal,87869788,"Plot 189, Patparganj Industrial Area, New Delhi - 105940",False
BID_1059,"Banik, Wable and Sarraf Pvt Ltd",sales@banikwableandsarraf.in,XXXX XXXX 2574,ACLCU7715L,07ACLCU7715L3ZL,L24931KA2011AUO820590,True,UDYAM-DL-02-6658005,31.19,24356757EYXMML1003,85.5,Brinda Mander,09205880,"Plot 8, Taloja MIDC, Navi Mumbai - 628007",False
BID_1060,Ganesh Limited,gem.desk@ganesh.in,XXXX XXXX 3512,QDJCZ2668T,09QDJCZ2668T8Z3,L29315GJ2008LJV053083,False,UDYAM-UP-86-4973947,216.52,24560262VWDIGD0848,26.4,Shaurya Mammen,23765512,"Plot 110, MIDC Industrial Area, Pune - 306062",False
BID_1061,"Ramachandran, Yogi and Malhotra Limited",bids@ramachandranyogiandmalhotra.in,XXXX XXXX 0347,BWBCH7851T,07BWBCH7851T6Z2,U34658DL2010KZZ856282,False,UDYAM-DL-09-4947807,78.66,24415064KXBKOW4204,75.2,Wazir Dada,73947681,"Plot 184, Patparganj Industrial Area, New Delhi - 405254",False
BID_1062,"Dhillon, Chander and Oza LLP",procurement@dhillonchanderandoza.in,XXXX XXXX 6778,HYYCZ5149K,24HYYCZ5149K6ZP,L08560KA2009IKM725004,False,UDYAM-GJ-23-2971376,210.82,24854513AWKZYE4241,59.6,Aadi Mitra,70241223,"Plot 104, Peenya Industrial Area, Bengaluru - 051748",False
BID_1063,"Talwar, Upadhyay and Talwar Pvt Ltd",gem.desk@talwarupadhyayandtalwar.biz.in,XXXX XXXX 0962,ANWCF9779Z,09ANWCF9779Z7Z0,U24623TN2024ZUR434978,True,UDYAM-UP-20-1564801,35.34,24936079DIHPHE1319,92.1,Eshana Jaggi,68314369,"Plot 213, MIDC Industrial Area, Pune - 027291",False
BID_1064,Dugar-Loyal Limited,bids@dugarloyal.co.in,XXXX XXXX 8826,FXWCE4291K,33FXWCE4291K8Z4,L73816GJ2021FGR901568,False,UDYAM-TN-90-7841850,35.53,24317504FMJKZQ5272,88.4,Zaid Maharaj,30474892,"Plot 93, Taloja MIDC, Navi Mumbai - 132656",False
BID_1065,"Kapoor, Sengupta and Shenoy Pvt Ltd",info@kapoorsenguptaandshenoy.biz.in,XXXX XXXX 8648,PILCT1709S,33PILCT1709S8ZR,L23953UP2009WPH845001,False,UDYAM-TN-32-7357764,58.24,24634892LVAXBX9917,45.1,Fiyaz Nagy,90734695,"Plot 239, Whitefield Industrial Zone, Bengaluru - 393975",False
BID_1066,"Narula, Lanka and Khare Limited",procurement@narulalankaandkhare.biz.in,XXXX XXXX 9223,GBICG9042C,24GBICG9042C9ZH,L14792TN2001NCW115167,True,UDYAM-GJ-54-4951839,16.33,24680570WSZQEL5619,83.4,Upma Korpal,52212111,"Plot 149, Okhla Industrial Estate, New Delhi - 413759",False
BID_1067,Chandra Limited,gem.desk@chandra.in,XXXX XXXX 0488,ZLPCN9493K,27ZLPCN9493K7Z1,U58767GJ1999TCU808450,True,UDYAM-MH-30-6395285,35.36,24730221TOPINQ7334,31.4,Ridhi Bahl,42737777,"Plot 216, Guindy Industrial Estate, Chennai - 347691",False
BID_1068,Rout Pvt Ltd,bids@rout.com,XXXX XXXX 6431,XNOCM0102E,07XNOCM0102E8ZH,L28738DL2019SDP198966,False,UDYAM-DL-71-9211324,136.84,24974466WRDDBU1070,64.1,Nicholas Menon,02259027,"Plot 105, Guindy Industrial Estate, Chennai - 585288",False
BID_1069,"Tata, Tandon and Shere Pvt Ltd",procurement@tatatandonandshere.biz.in,XXXX XXXX 1418,VEUCC2401J,33VEUCC2401J8ZK,L02164MH2006EKN234879,False,UDYAM-TN-38-3719649,177.67,24316613SPTBTD1061,77.4,Sanaya Misra,21440005,"Plot 212, Naroda Industrial Estate, Ahmedabad - 688972",False
BID_1070,"Shere, Nagy and Narain LLP",procurement@sherenagyandnarain.biz.in,XXXX XXXX 6603,CUYCX3466M,09CUYCX3466M9ZP,L89902KA2007ICS227096,False,UDYAM-UP-54-6855901,236.32,24381216OFSKHM7109,57.0,Robert Gara,74191686,"Plot 197, MIDC Industrial Area, Pune - 960326",False
BID_1071,Nath Pvt Ltd,procurement@nath.co.in,XXXX XXXX 7560,GYICJ0257F,24GYICJ0257F4ZI,U39158KA2022JJX523653,True,UDYAM-GJ-12-1679945,1.68,24379485HEJSYH2008,92.8,Ishanvi Pillay,73102686,"Plot 114, Patparganj Industrial Area, New Delhi - 006384",True
BID_1072,Kapur-Sani LLP,gem.desk@kapursani.co.in,XXXX XXXX 9864,QVQCR0582K,24QVQCR0582K6ZO,U24676UP2007YDU088866,False,UDYAM-GJ-20-1333508,45.58,24814692BOYVRB8311,26.1,Adya Sachdev,38395997,"Plot 94, Noida Sector 63 Industrial Area, Noida - 367133",False
BID_1073,Tata LLP,info@tata.in,XXXX XXXX 9757,FZACK3573N,29FZACK3573N1ZK,L68416UP2000XNH587162,False,UDYAM-KA-86-0015397,116.67,24876090LZENAC8809,22.9,Aarav Chahal,77764093,"Plot 246, Manesar Industrial Area, Gurugram - 166812",False
BID_1074,Doctor-Shere LLP,sales@doctorshere.in,XXXX XXXX 1691,KHQCX6271F,24KHQCX6271F4ZI,U43439KA1999DLE015603,True,UDYAM-GJ-97-1325203,24.38,24316547CHTLGM3545,79.3,Jeevika Dass,78750140,"Plot 212, Rudrapur Industrial Estate, Uttarakhand - 216273",False
BID_1075,Palla-Mannan LLP,procurement@pallamannan.co.in,XXXX XXXX 3190,ZNYCT9249P,24ZNYCT9249P2ZI,L24974TN2003QIA533668,True,UDYAM-GJ-26-4996116,13.32,24972638XUBFCD4446,86.2,Anika Peri,14649485,"Plot 115, Okhla Industrial Estate, New Delhi - 762214",False
BID_1076,Hayre PLC Pvt Ltd,procurement@hayreplc.co.in,XXXX XXXX 1166,BZQCH0913O,33BZQCH0913O4ZA,L33333DL1996YQY585145,False,UDYAM-TN-93-5838645,9.60,24951505NKIBFK6115,41.4,Tarak Dass,47720351,"Plot 35, Noida Sector 63 Industrial Area, Noida - 271616",False
BID_1077,Tara-Borra Limited,gem.desk@taraborra.biz.in,XXXX XXXX 7405,IRVCO1549M,29IRVCO1549M5Z3,U67307UP2001WJR092091,False,UDYAM-KA-94-9409007,95.61,24722548QOOVHM6092,52.6,Aayush Nath,56823402,"Plot 164, Manesar Industrial Area, Gurugram - 666473",False
BID_1078,"Balay, Hora and Mand Pvt Ltd",info@balayhoraandmand.com,XXXX XXXX 9922,RHHCJ3128M,24RHHCJ3128M8ZE,L15277MH2020ZRK781256,True,UDYAM-GJ-36-6127051,26.77,24526246NOCUHH5665,38.5,Chakrika Varughese,53674386,"Plot 110, Noida Sector 63 Industrial Area, Noida - 805270",False
BID_1079,Issac-Walia Pvt Ltd,admin@issacwalia.com,XXXX XXXX 7201,YXUCR0560W,29YXUCR0560W9Z5,L19849TN2000CGT592514,False,UDYAM-KA-70-5940690,139.43,24394561AXUYWT1944,70.6,Oni Mitter,49523642,"Plot 31, Peenya Industrial Area, Bengaluru - 402356",False
BID_1080,Raval-Ganguly Limited,admin@ravalganguly.com,XXXX XXXX 6208,WRMCF5105T,09WRMCF5105T7Z6,L99547KA1997VXU823372,True,UDYAM-UP-88-5367354,31.82,24746725CUQWVA7342,25.2,Kashvi Sood,99690629,"Plot 121, MIDC Industrial Area, Pune - 414494",False
BID_1081,Kannan LLP,bids@kannan.co.in,XXXX XXXX 9888,CQUCG6518K,27CQUCG6518K8ZA,L98365TN1997LUI308524,False,UDYAM-MH-21-0785242,62.17,24514501ELOHKX8726,49.0,Chaman Sampath,89372563,"Plot 176, Hosur Industrial Estate, Hosur - 435824",False
BID_1082,Kunda LLP,admin@kunda.co.in,XXXX XXXX 2736,RYMCV2697C,24RYMCV2697C8ZF,L73686DL2024IOR689170,False,UDYAM-GJ-08-8162665,14.30,24539836VYWGZH6178,28.2,Ekalinga Bahri,86913214,"Plot 69, Baddi Industrial Area, Himachal Pradesh - 345104",True
BID_1083,"Chakraborty, Saraf and Anand LLP",gem.desk@chakrabortysarafandanand.com,XXXX XXXX 8667,XUWCI9701Q,29XUWCI9701Q7ZD,L67983GJ1996IXD972052,True,UDYAM-KA-03-6128061,9.31,24094672XTIETF7624,40.1,Tejas Dayal,44141940,"Plot 216, MIDC Industrial Area, Pune - 731972",False
BID_1084,Krish-Issac Pvt Ltd,info@krishissac.in,XXXX XXXX 5714,DKLCJ4169S,33DKLCJ4169S2Z0,U95650KA2019LWS458398,True,UDYAM-TN-39-7442366,22.98,24150322SOXTKV3470,43.9,Amara Thakkar,94341819,"Plot 98, Peenya Industrial Area, Bengaluru - 644244",False
BID_1085,Ravi-Hegde Pvt Ltd,gem.desk@ravihegde.in,XXXX XXXX 5364,HYDCP3400L,24HYDCP3400L9ZU,U67615KA2009ULH872180,False,UDYAM-GJ-20-6429087,133.00,24327142DTUMUE6678,91.9,Tanvi Soman,26036730,"Plot 64, Rudrapur Industrial Estate, Uttarakhand - 871698",False
BID_1086,Dash LLP,gem.desk@dash.co.in,XXXX XXXX 0266,RVSCU8926T,07RVSCU8926T7Z5,L65427UP2012JFE210818,True,UDYAM-DL-90-3388692,34.98,24422832ECLXHQ1633,24.8,Yuvraj Patel,38247230,"Plot 24, Sanand GIDC Industrial Area, Ahmedabad - 434928",True
BID_1087,"Buch, Mukherjee and Vyas Pvt Ltd",admin@buchmukherjeeandvyas.com,XXXX XXXX 3918,YBXCG0247Q,27YBXCG0247Q1ZR,U67983UP2001NRM922973,False,UDYAM-MH-98-4802216,85.01,24663617WGFLHW7737,21.3,Upkaar Savant,69635097,"Plot 220, Peenya Industrial Area, Bengaluru - 307147",False
BID_1088,Chanda LLP,info@chanda.in,XXXX XXXX 6523,TYHCE2726Y,27TYHCE2726Y4ZD,U47373KA2023LVE567346,False,UDYAM-MH-32-5160009,223.05,24840760WVOBEM0638,94.7,Hritik Memon,68294681,"Plot 185, Baddi Industrial Area, Himachal Pradesh - 120249",True
BID_1089,"Bhargava, Srivastava and Ramanathan LLP",info@bhargavasrivastavaandramanathan.com,XXXX XXXX 9717,KRYCR3248L,07KRYCR3248L6ZT,U41778GJ1997UIS962958,False,UDYAM-DL-32-6651275,19.61,24576973MUGMDF3488,71.9,Azad Thaman,62625762,"Plot 5, Naroda Industrial Estate, Ahmedabad - 899628",False
BID_1090,Wali-Kalita LLP,admin@walikalita.biz.in,XXXX XXXX 9948,WWQCO4624X,07WWQCO4624X7ZK,L49204DL2019NQY532526,False,UDYAM-DL-41-7174594,133.23,24867666FGIDKV0215,77.7,Jeet Golla,30855592,"Plot 25, Rudrapur Industrial Estate, Uttarakhand - 054626",False
BID_1091,Pall Pvt Ltd,info@pall.biz.in,XXXX XXXX 6747,QVOCF1544L,33QVOCF1544L3Z6,L63032UP2021MEW643062,False,UDYAM-TN-53-1568971,172.98,24828528TNIVED3619,87.4,Aahana Seshadri,59721243,"Plot 16, Whitefield Industrial Zone, Bengaluru - 663378",False
BID_1092,"Khosla, Nanda and Brahmbhatt Limited",gem.desk@khoslanandaandbrahmbhatt.co.in,XXXX XXXX 9409,XRBCP0041Y,09XRBCP0041Y7ZJ,U20410TN1997SRP932289,True,UDYAM-UP-97-8775675,13.83,24562177VTNIYU2387,88.0,Ekavir Sha,11257627,"Plot 81, Manesar Industrial Area, Gurugram - 463456",False
BID_1093,"Bansal, Pandya and Sundaram Limited",procurement@bansalpandyaandsundaram.in,XXXX XXXX 1064,HTKCK2640X,07HTKCK2640X8Z1,U59341GJ2016BZO299182,False,UDYAM-DL-73-2244147,163.29,24207554GREPAF4541,87.1,Yashica Barad,32702180,"Plot 112, MIDC Industrial Area, Pune - 843102",False
BID_1094,"Bala, Krishna and Raman Pvt Ltd",sales@balakrishnaandraman.com,XXXX XXXX 6412,YGUCM4805J,07YGUCM4805J8ZY,L04009UP2002GBL251300,True,UDYAM-DL-01-7565032,33.28,24293753ESSPYT0941,49.3,Maanav Guha,06323867,"Plot 123, Whitefield Industrial Zone, Bengaluru - 741952",False
BID_1095,Munshi Limited,admin@munshi.biz.in,XXXX XXXX 7822,GDVCW0212D,09GDVCW0212D5ZA,L14327TN2017AKG571312,False,UDYAM-UP-52-3103696,189.28,24371405ZKPDMN0122,41.8,Jonathan Ganguly,51103076,"Plot 246, Taloja MIDC, Navi Mumbai - 045037",False
BID_1096,Choudhary LLP,procurement@choudhary.biz.in,XXXX XXXX 3553,DWDCZ2009U,27DWDCZ2009U3Z7,U48521TN2010INV784035,False,UDYAM-MH-12-1653009,53.57,24812532EGRGXO7930,79.0,Urvi Ghosh,74465336,"Plot 168, Peenya Industrial Area, Bengaluru - 645125",False
BID_1097,Atwal Limited,procurement@atwal.com,XXXX XXXX 3189,AQZCK5031Z,29AQZCK5031Z8ZY,L74073TN2012AIB363001,False,UDYAM-KA-70-5286753,40.50,24403191GUMDEV5062,91.1,Hema Basak,07931282,"Plot 20, Taloja MIDC, Navi Mumbai - 804051",False
BID_1098,Sant-Bhattacharyya Pvt Ltd,info@santbhattacharyya.in,XXXX XXXX 6225,EJECN8959I,29EJECN8959I4ZM,L64524MH2006AWC997347,False,UDYAM-KA-82-3426865,22.60,24720789YXSWEZ0790,24.5,Vedhika Kamdar,35233677,"Plot 15, Peenya Industrial Area, Bengaluru - 307019",False
BID_1099,Buch Limited,info@buch.co.in,XXXX XXXX 7020,BUUCF1544J,29BUUCF1544J6Z4,L66880MH2020NPK339101,True,UDYAM-KA-83-1802793,29.44,24240709TBICSF1838,44.5,Rayaan Atwal,63672201,"Plot 109, Sanand GIDC Industrial Area, Ahmedabad - 205312",False
BID_1100,Narayanan Pvt Ltd,gem.desk@narayanan.co.in,XXXX XXXX 1934,AXOCW1808I,09AXOCW1808I3ZN,U90719DL2014JTS815619,False,UDYAM-UP-29-8958964,110.82,24663443CCBQBV4619,46.2,Peter Issac,99208196,"Plot 29, Baddi Industrial Area, Himachal Pradesh - 142812",False
BID_1101,"Tak, Dugar and Bera LLP",procurement@takdugarandbera.com,XXXX XXXX 2317,WNRCE8274J,24WNRCE8274J9ZU,U28385GJ1998OCR514049,False,UDYAM-GJ-96-1315009,242.66,24010442QKWZHN7093,94.9,Vedika Sarkar,17177333,"Plot 158, Whitefield Industrial Zone, Bengaluru - 228745",False
BID_1102,"Balan, Dhillon and Datta Pvt Ltd",admin@balandhillonanddatta.biz.in,XXXX XXXX 1857,MROCV7695V,24MROCV7695V2ZW,L02659MH2011NWJ178196,False,UDYAM-GJ-92-0171715,15.16,24988248PNQAXO8216,42.4,Mohini Issac,05510386,"Plot 38, Baddi Industrial Area, Himachal Pradesh - 349577",False
BID_1103,Bhargava-Kata Pvt Ltd,contact@bhargavakata.in,XXXX XXXX 0785,GJICX1615H,07GJICX1615H4ZD,U68937DL2006VXA457211,True,UDYAM-DL-98-2396428,39.32,24746559FLKKUX9258,26.2,Tanay Kata,88972171,"Plot 14, MIDC Industrial Area, Pune - 463187",False
BID_1104,Sahni PLC Limited,info@sahniplc.co.in,XXXX XXXX 7340,EVXCX2006Q,33EVXCX2006Q5ZA,U52085GJ1998YFN795549,False,UDYAM-TN-16-0588516,191.90,24134871GCMQAW4667,51.7,Qarin Tak,44821156,"Plot 150, Okhla Industrial Estate, New Delhi - 155602",False
BID_1105,"Jain, Chaudhari and Korpal Limited",contact@jainchaudhariandkorpal.in,XXXX XXXX 6833,JFTCI4801H,29JFTCI4801H3ZQ,L96621GJ2000AUX211458,False,UDYAM-KA-84-1518075,88.98,24608921KDVVTM4553,92.8,Yatan Bera,70859340,"Plot 137, Naroda Industrial Estate, Ahmedabad - 273499",False
BID_1106,Kurian LLP,contact@kurian.biz.in,XXXX XXXX 2123,CVGCU2340L,33CVGCU2340L7ZR,U66468DL2001QDD023372,True,UDYAM-TN-62-2081300,18.93,24455719RJVGFE1159,22.4,Jeet Butala,07326176,"Plot 201, Hosur Industrial Estate, Hosur - 552045",True
BID_1107,"Madan, Loyal and Deshpande Pvt Ltd",info@madanloyalanddeshpande.biz.in,XXXX XXXX 5781,IXUCL7537Q,24IXUCL7537Q4ZE,U17059UP2016YKF399357,False,UDYAM-GJ-82-5582034,183.58,24948512YFWZYB1484,78.8,Saksham Swamy,49554384,"Plot 89, Manesar Industrial Area, Gurugram - 085420",False
BID_1108,"Roy, Parekh and Bandi Pvt Ltd",gem.desk@royparekhandbandi.biz.in,XXXX XXXX 2278,SSUCV4757T,29SSUCV4757T4ZR,L19022GJ2014WMS677704,True,UDYAM-KA-27-8932305,6.30,24252380BTYRED0569,33.1,Nandini Jha,80746061,"Plot 113, Baddi Industrial Area, Himachal Pradesh - 010077",False
BID_1109,Randhawa PLC Limited,info@randhawaplc.co.in,XXXX XXXX 1933,KMRCD7321P,07KMRCD7321P6Z4,L49047UP1998LEW473118,False,UDYAM-DL-20-7834893,9.58,24688236BDDEYQ7419,35.3,Upadhriti Vasa,80865391,"Plot 193, Noida Sector 63 Industrial Area, Noida - 286293",False
BID_1110,Comar LLP,admin@comar.co.in,XXXX XXXX 1300,NILCQ7723L,29NILCQ7723L5Z2,L00700KA2010QGF916346,False,UDYAM-KA-33-8396690,233.39,24468350ZVMPMN7825,27.9,Gaurangi Sachar,45671382,"Plot 239, Noida Sector 63 Industrial Area, Noida - 926938",False
BID_1111,Arora-Dugar LLP,contact@aroradugar.in,XXXX XXXX 6269,MFYCJ2783Y,27MFYCJ2783Y9ZP,U96996UP2005DMH319477,False,UDYAM-MH-91-7356510,206.65,24407970CDSXDG5422,82.2,Isaac Sehgal,20760451,"Plot 19, Sanand GIDC Industrial Area, Ahmedabad - 976817",False
BID_1112,"Yogi, Mishra and Sachar Pvt Ltd",info@yogimishraandsachar.biz.in,XXXX XXXX 9266,YPXCO9727O,24YPXCO9727O1ZN,U76642MH2021AYG396691,False,UDYAM-GJ-85-1265041,202.22,24015668FMXNJA9064,76.9,Charles Doshi,86949345,"Plot 212, Sanand GIDC Industrial Area, Ahmedabad - 575589",False
BID_1113,Palla-Zachariah LLP,info@pallazachariah.com,XXXX XXXX 6809,OKHCW6698R,29OKHCW6698R3ZX,U38776UP1997HTV794979,False,UDYAM-KA-62-9753647,232.43,24911132NCQELG3928,84.8,Widisha Dhar,40949355,"Plot 68, Sanand GIDC Industrial Area, Ahmedabad - 144882",False
BID_1114,Nigam-Kale Pvt Ltd,info@nigamkale.co.in,XXXX XXXX 3717,TFLCN3085N,09TFLCN3085N8ZB,L73543TN2019TRI764102,False,UDYAM-UP-18-9164063,225.26,24803174DHXWLF0486,24.7,Tamanna Raghavan,81937202,"Plot 2, Noida Sector 63 Industrial Area, Noida - 215125",False
BID_1115,"Narayanan, Misra and Jain LLP",info@narayananmisraandjain.in,XXXX XXXX 6550,JWKCD1729H,33JWKCD1729H3ZH,U18866UP2011NDX539123,False,UDYAM-TN-87-6857022,243.29,24868971AZDMTK4778,49.5,Simon Dash,20216851,"Plot 40, Okhla Industrial Estate, New Delhi - 488608",True
BID_1116,Anand PLC Limited,info@anandplc.biz.in,XXXX XXXX 8473,PXOCZ5726L,09PXOCZ5726L6ZG,L97823MH2011HQM509088,False,UDYAM-UP-59-6402668,178.57,24828123UUILRT2480,44.9,Bhavika Ghosh,60231101,"Plot 58, Sanand GIDC Industrial Area, Ahmedabad - 845484",False
BID_1117,Master PLC Pvt Ltd,sales@masterplc.co.in,XXXX XXXX 9399,WGVCP6239Q,09WGVCP6239Q2Z0,L31412GJ2001UNW908165,True,UDYAM-UP-16-1637488,34.33,24279312CGRMVD8969,52.6,Vincent Barad,86686626,"Plot 106, Ambattur Industrial Estate, Chennai - 971169",False
BID_1118,Sant Limited,admin@sant.in,XXXX XXXX 3018,OBFCE6957W,33OBFCE6957W8ZG,L16962GJ1996VQA871518,False,UDYAM-TN-08-3815270,71.86,24926147RKTODT4655,84.1,Yashoda Ravel,29486260,"Plot 175, Taloja MIDC, Navi Mumbai - 552825",False
BID_1119,Shetty PLC Limited,procurement@shettyplc.in,XXXX XXXX 5354,MFPCM0662F,09MFPCM0662F5ZT,U49960KA2000IGG501924,False,UDYAM-UP-54-3949920,50.81,24881687LPKJPR8550,74.6,Eiravati Devan,40767037,"Plot 24, MIDC Industrial Area, Pune - 412618",False
BID_1120,Mutti-Ratta Pvt Ltd,gem.desk@muttiratta.in,XXXX XXXX 0383,VRRCE2642V,27VRRCE2642V7ZC,U25832GJ2016NWI673767,False,UDYAM-MH-29-4064637,178.33,24401529OCGJFW7063,46.3,Sathvik Bose,32483242,"Plot 54, Guindy Industrial Estate, Chennai - 638946",False
BID_1121,"Ghosh, Raman and Korpal LLP",sales@ghoshramanandkorpal.co.in,XXXX XXXX 4164,GDFCR6884V,29GDFCR6884V3ZC,U91174MH2021CDH692609,False,UDYAM-KA-17-0283334,233.07,24466620POUQUA1212,48.9,Faras Baria,10201366,"Plot 94, Patparganj Industrial Area, New Delhi - 331373",False
BID_1122,Zacharia LLP,bids@zacharia.in,XXXX XXXX 6397,YHSCP4112F,24YHSCP4112F4ZO,L58810MH2005XXH958078,False,UDYAM-GJ-21-7749677,50.90,24983227LCHPNC5284,74.0,Maya Zacharia,20295665,"Plot 87, Okhla Industrial Estate, New Delhi - 146669",False
BID_1123,Bobal Limited,contact@bobal.co.in,XXXX XXXX 6761,WMHCX0550J,07WMHCX0550J5ZI,U92281TN2003HLQ689888,True,UDYAM-DL-56-7346763,26.85,24911331AVDRGC3712,27.5,Chatura Gole,41690323,"Plot 163, Peenya Industrial Area, Bengaluru - 092861",False
BID_1124,Gola-Parikh Limited,gem.desk@golaparikh.biz.in,XXXX XXXX 2914,WMECE9352Y,33WMECE9352Y6Z1,L30064TN2007UWF194479,False,UDYAM-TN-94-0115840,157.44,24342307ZYUXDS1255,62.9,Advaith Shankar,29354058,"Plot 156, Taloja MIDC, Navi Mumbai - 407599",False
BID_1125,Dube-Randhawa Pvt Ltd,procurement@duberandhawa.in,XXXX XXXX 6783,BYACI1274J,29BYACI1274J9Z5,L77382KA1998UZO491393,False,UDYAM-KA-40-3276331,146.76,24315036AXDQCK3126,38.6,Udant Chada,89863908,"Plot 43, Manesar Industrial Area, Gurugram - 045674",False
BID_1126,D’Alia LLP,bids@dalia.in,XXXX XXXX 8956,LDGCH1847B,07LDGCH1847B7Z2,L99963UP2010KUC162398,False,UDYAM-DL-06-9536966,13.60,24101870LDOGZG2039,44.5,Yashasvi D’Alia,87530176,"Plot 234, Sanand GIDC Industrial Area, Ahmedabad - 532306",False
BID_1127,"Sabharwal, Raj and Toor Limited",procurement@sabharwalrajandtoor.in,XXXX XXXX 5555,WSSCO6714I,24WSSCO6714I8ZN,U62205DL2005UGY611258,False,UDYAM-GJ-79-8092045,44.41,24864563TTXAOD7450,89.9,Anirudh Patla,99446489,"Plot 111, Hosur Industrial Estate, Hosur - 046698",False
BID_1128,Parekh-Aggarwal Limited,contact@parekhaggarwal.co.in,XXXX XXXX 5293,CKKCV3824O,09CKKCV3824O1ZZ,U70316DL2005PWO851051,True,UDYAM-UP-15-4139509,8.18,24481948RKDMYF5050,47.3,Rehaan Zacharia,08122106,"Plot 104, Manesar Industrial Area, Gurugram - 324512",False
BID_1129,Bajaj Limited,info@bajaj.co.in,XXXX XXXX 6175,MMOCH3609Y,24MMOCH3609Y4Z8,U60093MH2021IAN444008,False,UDYAM-GJ-04-3982616,57.74,24422111PLSQIH2842,33.1,Saanvi Chaudhuri,26770594,"Plot 124, Ambattur Industrial Estate, Chennai - 615240",False
BID_1130,Srivastava LLP,bids@srivastava.biz.in,XXXX XXXX 2226,GSTCJ9955O,09GSTCJ9955O5ZQ,L69519UP1997FOP308531,True,UDYAM-UP-76-7224196,8.84,24113794SQLEJU1507,63.6,Raagini Keer,46544271,"Plot 17, Hosur Industrial Estate, Hosur - 318065",False
BID_1131,Morar-Padmanabhan Limited,sales@morarpadmanabhan.com,XXXX XXXX 1483,RCXCC6309H,09RCXCC6309H1ZU,L09630GJ2008WKW798470,False,UDYAM-UP-52-1360006,100.37,24234249CRCTNU0379,60.5,Watika Kunda,62236858,"Plot 44, Noida Sector 63 Industrial Area, Noida - 432109",True
BID_1132,"Behl, Bajwa and Raghavan Pvt Ltd",gem.desk@behlbajwaandraghavan.com,XXXX XXXX 4913,NOQCW6851H,29NOQCW6851H2ZW,U84469TN2020EGC813216,False,UDYAM-KA-03-1668695,114.95,24274220NDYNYV8137,62.7,Tanveer Gola,43500835,"Plot 153, Taloja MIDC, Navi Mumbai - 407623",False
BID_1133,Raj Pvt Ltd,info@raj.com,XXXX XXXX 6939,AZGCH5669T,33AZGCH5669T7ZW,U15990DL2021NYV297133,True,UDYAM-TN-25-4291700,5.36,24815342KPEDRM0008,51.6,Matthew Sarin,85679139,"Plot 211, MIDC Industrial Area, Pune - 887208",False
BID_1134,Dani-Dhaliwal LLP,gem.desk@danidhaliwal.co.in,XXXX XXXX 2058,BHUCR5564V,07BHUCR5564V3ZZ,U77564KA2000EJO367044,False,UDYAM-DL-24-3135029,243.99,24567508NLVBWT7229,78.9,Urishilla Sood,48826014,"Plot 16, Guindy Industrial Estate, Chennai - 907343",False
BID_1135,Mahal-Cheema LLP,procurement@mahalcheema.co.in,XXXX XXXX 1135,SZGCU3533L,27SZGCU3533L9ZD,L19694DL1998QJD023021,False,UDYAM-MH-01-9181272,218.10,24467908IIPCHT3412,30.1,Andrew Kata,01446463,"Plot 13, Peenya Industrial Area, Bengaluru - 289609",False
BID_1136,Jhaveri LLP,contact@jhaveri.com,XXXX XXXX 9117,WBRCQ6653X,27WBRCQ6653X1Z5,L61371MH2014XCG345911,True,UDYAM-MH-69-8028703,28.81,24986672HYBUAT3728,63.1,Aayush Dua,35917090,"Plot 111, Sanand GIDC Industrial Area, Ahmedabad - 886553",False
BID_1137,Sagar-Natarajan Limited,admin@sagarnatarajan.in,XXXX XXXX 4071,QMTCN5986E,09QMTCN5986E7ZR,U11290TN2019XTT298338,False,UDYAM-UP-10-4422263,228.57,24477122YBAQED1961,57.0,Ati Sane,20609650,"Plot 141, Hosur Industrial Estate, Hosur - 117402",False
BID_1138,Magar-Rana Limited,contact@magarrana.com,XXXX XXXX 0240,XPJCM5940B,24XPJCM5940B5ZR,U09252TN2003XER143101,False,UDYAM-GJ-53-1326030,140.06,24496719WOVVZJ7901,64.8,Thomas Pathak,02836010,"Plot 122, Noida Sector 63 Industrial Area, Noida - 847089",False
BID_1139,Golla Pvt Ltd,bids@golla.in,XXXX XXXX 0236,GVQCC8530N,29GVQCC8530N2ZL,U76594GJ2012YVJ311999,False,UDYAM-KA-11-1471017,72.95,24260323ENMOWO6101,57.2,Yashawini Kanda,86945638,"Plot 178, Baddi Industrial Area, Himachal Pradesh - 092723",False
BID_1140,Dua Pvt Ltd,contact@dua.com,XXXX XXXX 9719,RXFCI2972V,07RXFCI2972V7Z6,L72334MH2017OXR830287,False,UDYAM-DL-10-8024533,60.22,24307741XJZKYY6341,79.9,Bahadurjit Loke,16475084,"Plot 246, Hosur Industrial Estate, Hosur - 350242",False
BID_1141,Mutti PLC LLP,contact@muttiplc.com,XXXX XXXX 9878,YXYCK9617K,24YXYCK9617K6ZE,U80082DL2003ERB010173,True,UDYAM-GJ-85-9566481,38.13,24245807SZJNTD4653,94.8,Umang Raman,42955244,"Plot 123, Whitefield Industrial Zone, Bengaluru - 917158",False
BID_1142,"Om, Sinha and Lata Limited",sales@omsinhaandlata.co.in,XXXX XXXX 5129,VRWCP3368G,29VRWCP3368G9Z6,L07437KA2003APU183602,True,UDYAM-KA-63-0261407,13.92,24673900FJZVXG4617,65.5,George Bera,10313128,"Plot 176, Baddi Industrial Area, Himachal Pradesh - 356156",False
BID_1143,Swamy-Roy Limited,info@swamyroy.co.in,XXXX XXXX 9858,WEXCU9566F,07WEXCU9566F2ZP,L28772KA1999HBM428949,True,UDYAM-DL-75-7799121,27.88,24398331NJORFI7631,28.3,Max Mohan,83041957,"Plot 127, Noida Sector 63 Industrial Area, Noida - 354341",False
BID_1144,Sahota LLP,sales@sahota.biz.in,XXXX XXXX 5233,SRECD4033Y,33SRECD4033Y5Z4,U34981TN1998YVA668331,True,UDYAM-TN-74-1885819,20.06,24481456HHHYUH9814,77.6,Mohammed Sheth,42611690,"Plot 84, Baddi Industrial Area, Himachal Pradesh - 903243",False
BID_1145,"Goyal, Wagle and Chada Limited",gem.desk@goyalwagleandchada.co.in,XXXX XXXX 0888,NXNCN0022Q,27NXNCN0022Q9ZR,U62226KA1995EEZ344398,False,UDYAM-MH-59-0164635,56.38,24483131VTSMBP5354,84.9,Chakradhar Sandhu,50936719,"Plot 159, Manesar Industrial Area, Gurugram - 952511",False
BID_1146,Rao-Sane Pvt Ltd,sales@raosane.biz.in,XXXX XXXX 2849,QBACA9508D,07QBACA9508D3ZM,L84956MH2007EYO266439,False,UDYAM-DL-76-6563817,24.63,24318420NRSZKQ8081,23.0,Bhavini Babu,60413410,"Plot 57, Hosur Industrial Estate, Hosur - 902471",True
BID_1147,"Prasad, Contractor and Gour Pvt Ltd",bids@prasadcontractorandgour.com,XXXX XXXX 6651,SDYCL6326M,29SDYCL6326M4ZD,L46563UP2018BKU011831,False,UDYAM-KA-35-3963741,25.81,24242521QDGJHK3853,94.1,Ishwar Savant,14576882,"Plot 52, Okhla Industrial Estate, New Delhi - 689662",False
BID_1148,"Kale, Suri and Hans Limited",contact@kalesuriandhans.biz.in,XXXX XXXX 1244,YLQCC0918Z,07YLQCC0918Z2Z1,U22704GJ2016DPE284710,False,UDYAM-DL-06-0008683,227.68,24767295PZMHYH4066,83.6,Yatin Wason,53370918,"Plot 64, MIDC Industrial Area, Pune - 626690",False
BID_1149,"Dhar, Chopra and Banerjee LLP",contact@dharchopraandbanerjee.co.in,XXXX XXXX 7415,MMXCM0654B,33MMXCM0654B9ZM,U87213TN2005NXC886373,True,UDYAM-TN-13-3315896,4.01,24745802MHXOFI5292,75.2,Jatin Grover,17155413,"Plot 50, Okhla Industrial Estate, New Delhi - 420418",False
BID_1150,"Tripathi, Setty and Kar Pvt Ltd",bids@tripathisettyandkar.in,XXXX XXXX 4908,WVFCI4215P,27WVFCI4215P7ZZ,L61612GJ2024BGP497575,True,UDYAM-MH-01-3700441,5.17,24988110BEFIAS8493,70.4,Madhav Bail,33504157,"Plot 165, Manesar Industrial Area, Gurugram - 387008",False
BID_1151,Kuruvilla-Solanki Pvt Ltd,procurement@kuruvillasolanki.in,XXXX XXXX 6777,LRGCI4302N,27LRGCI4302N1Z2,L66869GJ2024ROG163233,True,UDYAM-MH-49-1284966,14.88,24240434IXZWOS3111,36.0,Aadhya Nagar,68364841,"Plot 208, Okhla Industrial Estate, New Delhi - 161957",False
BID_1152,"Uppal, Sethi and Doctor LLP",procurement@uppalsethianddoctor.biz.in,XXXX XXXX 5731,ZFQCQ3382O,33ZFQCQ3382O5ZO,U39120GJ2020GAQ686301,False,UDYAM-TN-62-1154246,32.95,24564130YYLEAI4994,79.0,Rudra Tandon,62651819,"Plot 82, Ambattur Industrial Estate, Chennai - 134206",False
BID_1153,Bedi Limited,bids@bedi.com,XXXX XXXX 2657,SWWCL9275B,29SWWCL9275B7ZJ,L32265UP2017JJM313715,True,UDYAM-KA-55-8957179,17.64,24151072FWISOM9587,48.6,Girish Khosla,33276847,"Plot 18, Taloja MIDC, Navi Mumbai - 985305",False
BID_1154,Mangat-Dugar Pvt Ltd,procurement@mangatdugar.biz.in,XXXX XXXX 9588,VEJCT9604X,09VEJCT9604X6ZZ,U82544TN2015ENW103108,True,UDYAM-UP-21-5698309,5.92,24044122GZUOHF7246,59.8,Sai Kapur,63462076,"Plot 113, Guindy Industrial Estate, Chennai - 829904",False
BID_1155,"Chana, Gulati and Sawhney LLP",admin@chanagulatiandsawhney.in,XXXX XXXX 5294,UJCCO1194C,09UJCCO1194C2Z8,L09795TN2014GPL563363,False,UDYAM-UP-83-2206345,60.60,24017858NFZOQY1626,90.6,Shaurya Rau,35274553,"Plot 234, Guindy Industrial Estate, Chennai - 301002",False
BID_1156,"Soman, Dutt and Shankar Limited",info@somanduttandshankar.biz.in,XXXX XXXX 3326,UVTCF1685X,33UVTCF1685X5ZK,U72588UP2011TEX173460,False,UDYAM-TN-75-1041978,244.20,24101071ZCTTBD4027,22.4,Devansh Kapur,59586012,"Plot 91, MIDC Industrial Area, Pune - 946033",False
BID_1157,Butala-Patla Limited,bids@butalapatla.com,XXXX XXXX 3710,LAKCE5012J,24LAKCE5012J2ZF,U80630KA2023AQQ427552,False,UDYAM-GJ-03-0887893,15.32,24281923YJEZYT3373,94.0,Divya Seshadri,34002277,"Plot 160, Hosur Industrial Estate, Hosur - 629189",False
BID_1158,Nayar-Sura Pvt Ltd,sales@nayarsura.biz.in,XXXX XXXX 6571,SODCV4404U,29SODCV4404U9ZA,U38811TN2014EGT372605,False,UDYAM-KA-40-0942477,126.78,24523901XXCLGQ0662,89.8,Sneha Gill,95329569,"Plot 112, Manesar Industrial Area, Gurugram - 441987",True
BID_1159,Sama-Nagy Pvt Ltd,bids@samanagy.co.in,XXXX XXXX 0880,KAICH6136K,09KAICH6136K6Z0,U54649MH2014YXM219361,False,UDYAM-UP-85-1602935,191.75,24522645OSBPWS5723,33.5,Nidra Dey,47557091,"Plot 73, Baddi Industrial Area, Himachal Pradesh - 206257",False
BID_1160,"Dhillon, Kashyap and Ram Limited",info@dhillonkashyapandram.com,XXXX XXXX 9867,MYICE8158N,27MYICE8158N1ZQ,L12867KA2011GLO080172,False,UDYAM-MH-73-4661785,226.36,24022880XAUACW5791,22.0,Vrishti Ranganathan,92286490,"Plot 98, Ambattur Industrial Estate, Chennai - 486191",False
BID_1161,Agrawal Limited,info@agrawal.co.in,XXXX XXXX 4826,UARCU0176S,09UARCU0176S8ZE,L02555GJ2003UTR312268,False,UDYAM-UP-55-1095879,5.85,24216265BXADTC3594,31.7,Yashvi Sami,90595759,"Plot 24, MIDC Industrial Area, Pune - 698010",False
BID_1162,Salvi Limited,procurement@salvi.biz.in,XXXX XXXX 6253,AOACH5047E,33AOACH5047E4Z9,L53125MH2012HGI444157,False,UDYAM-TN-77-2708902,49.84,24046782NCZUUC3665,40.0,Caleb Maharaj,90933431,"Plot 41, Naroda Industrial Estate, Ahmedabad - 931202",False
BID_1163,"Sant, Ganesh and Saraf LLP",info@santganeshandsaraf.co.in,XXXX XXXX 3041,UMGCA2352T,33UMGCA2352T6ZN,U32284TN2024CIO844829,True,UDYAM-TN-67-6631352,13.47,24920206MEUKJP4288,22.9,Harini Prabhu,62829807,"Plot 87, Sanand GIDC Industrial Area, Ahmedabad - 946259",False
BID_1164,Sachdeva-Nayar Pvt Ltd,admin@sachdevanayar.biz.in,XXXX XXXX 5168,OJHCW9569Y,27OJHCW9569Y4Z8,U01993TN2013KIJ351195,False,UDYAM-MH-48-4142766,55.81,24120184LSTPMU9293,22.9,Hritik Bhat,81643710,"Plot 79, Guindy Industrial Estate, Chennai - 359110",False
BID_1165,Yadav-Nagar Limited,admin@yadavnagar.in,XXXX XXXX 8582,OKICM8902L,24OKICM8902L2ZC,L91125TN2001WEE873144,False,UDYAM-GJ-37-4607669,25.03,24302883QGVFNJ7989,90.8,Vinaya Natarajan,83639029,"Plot 201, Patparganj Industrial Area, New Delhi - 147622",False
BID_1166,"Ahuja, Yogi and Goswami Pvt Ltd",procurement@ahujayogiandgoswami.in,XXXX XXXX 2008,GOGCF0767C,29GOGCF0767C3Z6,U87706MH2005VUM967831,False,UDYAM-KA-35-8847386,125.30,24087501XACZDE3854,21.7,David Kota,37711769,"Plot 9, Okhla Industrial Estate, New Delhi - 666653",False
BID_1167,Karan-Ravi Limited,contact@karanravi.in,XXXX XXXX 7427,JVMCC6131X,09JVMCC6131X9ZA,U55813TN1995YEQ850845,True,UDYAM-UP-99-5698492,25.20,24817137XLXKPQ8542,83.7,Girish Sachdev,78885998,"Plot 27, Peenya Industrial Area, Bengaluru - 668185",False
BID_1168,Parmer LLP,info@parmer.biz.in,XXXX XXXX 6091,WUWCI8752T,09WUWCI8752T2ZM,U72857GJ2002PGD692675,False,UDYAM-UP-39-8522190,25.16,24855946UPEHGS0222,41.0,Aditya Lata,18178586,"Plot 171, Sanand GIDC Industrial Area, Ahmedabad - 945501",False
BID_1169,"Muni, Borra and Dass Pvt Ltd",bids@muniborraanddass.biz.in,XXXX XXXX 6237,YIICH1123J,33YIICH1123J5ZE,L78099KA2014SOR265429,True,UDYAM-TN-14-6897725,38.86,24916722UIJHYX1036,88.2,Dayamai Bandi,94407643,"Plot 193, Noida Sector 63 Industrial Area, Noida - 368249",False
BID_1170,Mahal Pvt Ltd,info@mahal.biz.in,XXXX XXXX 2427,KVBCH3348G,07KVBCH3348G1ZC,U31928KA1997SYR000544,True,UDYAM-DL-77-6470787,38.36,24775405NKZBCK0776,86.6,Wishi Ravel,99249411,"Plot 247, Guindy Industrial Estate, Chennai - 705345",False
BID_1171,Ramanathan LLP,contact@ramanathan.in,XXXX XXXX 5303,LARCC5216D,27LARCC5216D1ZN,L19792GJ2012MFC192481,False,UDYAM-MH-25-2784166,155.39,24765514TMUFTF4140,32.4,Upkaar Raman,34289156,"Plot 243, Taloja MIDC, Navi Mumbai - 639400",False
BID_1172,Patil-Sawhney Limited,contact@patilsawhney.com,XXXX XXXX 0250,ZYUCM9172P,07ZYUCM9172P8ZC,U74826UP1995XKI688985,False,UDYAM-DL-15-7504317,79.08,24284602XTNTVG9015,34.7,Harrison Krishnan,81539931,"Plot 99, MIDC Industrial Area, Pune - 972160",False
BID_1173,Jaggi-Aggarwal LLP,gem.desk@jaggiaggarwal.co.in,XXXX XXXX 0902,KBGCE1263X,29KBGCE1263X2ZH,L55549KA2017VIN762766,True,UDYAM-KA-43-2477737,10.72,24268485FEQMOB0344,76.2,Utkarsh Karnik,18153523,"Plot 110, Taloja MIDC, Navi Mumbai - 236583",False
BID_1174,Lalla-Dayal Limited,contact@lalladayal.biz.in,XXXX XXXX 4145,FMACE4603B,33FMACE4603B8ZA,L62297MH2022FON030563,True,UDYAM-TN-08-7328915,27.67,24247443FNAWGB4879,83.1,Rachana Viswanathan,21142270,"Plot 162, Taloja MIDC, Navi Mumbai - 545371",False
BID_1175,"Ramakrishnan, Sastry and Chahal LLP",procurement@ramakrishnansastryandchahal.co.in,XXXX XXXX 8117,MLQCK6947R,24MLQCK6947R8Z0,L02219TN2009WMA993605,True,UDYAM-GJ-71-3285160,9.02,24023871PTLLMK0419,42.6,Yug Behl,97231055,"Plot 164, Patparganj Industrial Area, New Delhi - 124784",False
BID_1176,Sahota-Khatri LLP,info@sahotakhatri.co.in,XXXX XXXX 0324,URUCV4743K,09URUCV4743K2ZA,L36899GJ1999BUE567547,False,UDYAM-UP-24-5201594,132.07,24875114WQOFHB6979,94.8,Upma Arora,53131627,"Plot 71, Naroda Industrial Estate, Ahmedabad - 903229",False
BID_1177,Prabhakar-Sachdev Limited,contact@prabhakarsachdev.biz.in,XXXX XXXX 4100,XXACN3608P,33XXACN3608P6ZF,L69937MH2015JHA689879,False,UDYAM-TN-93-9667848,183.60,24663327HZKNIY4825,48.9,Aarav Bhagat,65211573,"Plot 190, Noida Sector 63 Industrial Area, Noida - 186556",False
BID_1178,Thakur-Gola Limited,procurement@thakurgola.in,XXXX XXXX 6807,GMPCJ0741A,07GMPCJ0741A5Z1,U92969GJ2008AEW506147,False,UDYAM-DL-92-9074207,165.32,24174526CTSDCH3520,34.6,Ayush Shah,90346370,"Plot 213, Guindy Industrial Estate, Chennai - 890069",False
BID_1179,Dhingra LLP,bids@dhingra.in,XXXX XXXX 4955,PJGCD8882D,33PJGCD8882D7Z0,U10069TN2018OWG927501,False,UDYAM-TN-48-4919945,174.48,24191969LGUHJP5907,63.4,Max Mishra,60392936,"Plot 171, Manesar Industrial Area, Gurugram - 977433",False
BID_1180,Agrawal PLC Limited,bids@agrawalplc.biz.in,XXXX XXXX 7620,VWOCN6253U,24VWOCN6253U3Z7,L20993KA2022VID438834,False,UDYAM-GJ-78-9016980,126.52,24732719KDRXZL1244,25.2,Gaurang Char,40861470,"Plot 91, Ambattur Industrial Estate, Chennai - 913680",False
BID_1181,Setty Limited,procurement@setty.in,XXXX XXXX 4958,KDGCA3271R,29KDGCA3271R6ZL,L04438GJ2016YBH206975,False,UDYAM-KA-80-5304913,151.87,24876318OHMXML6481,92.1,Jeremiah Saran,71327399,"Plot 209, Okhla Industrial Estate, New Delhi - 392537",False
BID_1182,Pingle-Sami Limited,contact@pinglesami.in,XXXX XXXX 7778,IDBCU0572Y,24IDBCU0572Y7ZB,U80693DL2008XLI443675,False,UDYAM-GJ-83-4208945,193.57,24973059URKDTU6832,35.4,Abeer Naik,51111009,"Plot 194, Guindy Industrial Estate, Chennai - 272165",False
BID_1183,"Sani, Dhawan and Shankar Pvt Ltd",bids@sanidhawanandshankar.in,XXXX XXXX 8123,CQACT7093Z,07CQACT7093Z4ZU,L33445TN2007MAM287123,True,UDYAM-DL-56-5194360,16.00,24751021AHUNFU5789,23.8,Eiravati Chokshi,09947632,"Plot 230, Naroda Industrial Estate, Ahmedabad - 292298",False
BID_1184,Sengupta Pvt Ltd,sales@sengupta.com,XXXX XXXX 5867,TAPCV9510B,29TAPCV9510B5ZV,U99954TN2003TTJ078172,False,UDYAM-KA-50-5333123,214.65,24882995AXIJHT2264,46.9,Banjeet Barad,79928792,"Plot 226, Manesar Industrial Area, Gurugram - 851629",False
BID_1185,Krishnan Limited,sales@krishnan.biz.in,XXXX XXXX 2283,QXVCY1822C,07QXVCY1822C7ZX,U63483GJ2010GJI529779,False,UDYAM-DL-60-8407856,130.03,24118683ENGEOJ2817,25.1,Darpan Rana,79543872,"Plot 183, Baddi Industrial Area, Himachal Pradesh - 374806",False
BID_1186,Kurian-Agrawal Limited,procurement@kurianagrawal.in,XXXX XXXX 9228,UOECC7439M,07UOECC7439M2Z3,L86600TN2007EOM773827,False,UDYAM-DL-37-3288380,56.83,24725707IQJCUE6265,94.4,Amol Deep,41968911,"Plot 188, Taloja MIDC, Navi Mumbai - 465124",False
BID_1187,Lalla-Batta LLP,sales@lallabatta.in,XXXX XXXX 6583,PBTCO8979Z,33PBTCO8979Z2Z2,U06951GJ2006XKP309171,False,UDYAM-TN-92-5664938,66.39,24302047BTQQES6125,49.9,Kiaan Grewal,77866423,"Plot 149, Hosur Industrial Estate, Hosur - 375434",False
BID_1188,Savant Limited,contact@savant.com,XXXX XXXX 3546,NLDCV7596N,09NLDCV7596N2Z1,L89878MH2002IMU297269,False,UDYAM-UP-58-7227520,77.58,24496597APOUWG1209,38.2,Anita Baria,54076132,"Plot 249, Peenya Industrial Area, Bengaluru - 484655",False
BID_1189,Mital Limited,info@mital.co.in,XXXX XXXX 8778,LASCI0688K,07LASCI0688K6ZO,L99643TN2006DCV712399,True,UDYAM-DL-65-3478661,24.71,24247941GKIYGU9423,25.8,Bhavya Johal,04191979,"Plot 94, Naroda Industrial Estate, Ahmedabad - 871367",True
BID_1190,Krishna LLP,bids@krishna.in,XXXX XXXX 1370,IGQCS9857B,09IGQCS9857B1Z9,U81328GJ2006VGE123956,True,UDYAM-UP-75-9611457,38.59,24400950ZUVHBG3363,57.8,Prisha Shere,32014229,"Plot 76, Sanand GIDC Industrial Area, Ahmedabad - 254412",True
BID_1191,Dubey-Radhakrishnan Limited,sales@dubeyradhakrishnan.in,XXXX XXXX 8733,JUGCV5338C,09JUGCV5338C2ZE,U88192TN2005NZV073546,False,UDYAM-UP-04-2531315,125.36,24857158QLQHVY1693,86.4,Janaki Sankaran,40429571,"Plot 202, Patparganj Industrial Area, New Delhi - 406570",False
BID_1192,"Maharaj, Khosla and Oommen LLP",procurement@maharajkhoslaandoommen.co.in,XXXX XXXX 6333,FGACZ6510H,24FGACZ6510H9Z2,L13478GJ1995SWQ281102,False,UDYAM-GJ-50-5722742,64.99,24479248OBKYXG7028,29.0,Quincy Lad,53194562,"Plot 107, Ambattur Industrial Estate, Chennai - 826300",False
BID_1193,Dhar PLC Pvt Ltd,admin@dharplc.biz.in,XXXX XXXX 2623,DYHCW9473C,24DYHCW9473C6ZF,L26288GJ2004IOH925996,True,UDYAM-GJ-70-1892205,35.65,24508170CIZWPE3733,84.7,Mugdha Sankaran,51645402,"Plot 133, Baddi Industrial Area, Himachal Pradesh - 913160",False
BID_1194,"Kalla, Barad and Tella LLP",gem.desk@kallabaradandtella.com,XXXX XXXX 7976,AFPCF8400S,07AFPCF8400S3ZU,L77309GJ2000BVT594069,False,UDYAM-DL-70-0083622,15.89,24658008OSYPYH4138,63.5,Ishita Kade,26545916,"Plot 211, Taloja MIDC, Navi Mumbai - 488390",False
BID_1195,"Dash, Parmer and Mangat Pvt Ltd",bids@dashparmerandmangat.com,XXXX XXXX 3370,WOFCW7950L,27WOFCW7950L5ZO,U43455DL2001QZN980577,False,UDYAM-MH-50-5297042,168.21,24263175YBPOKE4135,60.9,Girindra Wagle,86767391,"Plot 199, Hosur Industrial Estate, Hosur - 200141",False
BID_1196,"Gill, Mandal and Barad Pvt Ltd",admin@gillmandalandbarad.biz.in,XXXX XXXX 9640,TDXCG6421C,09TDXCG6421C3Z4,L31117KA2006JZO059440,True,UDYAM-UP-40-6766708,27.87,24604232OOSIWO7136,84.4,Yagnesh Palan,70657785,"Plot 29, Whitefield Industrial Zone, Bengaluru - 806085",False
BID_1197,"Chawla, Nagi and Goswami Limited",procurement@chawlanagiandgoswami.com,XXXX XXXX 2498,EKUCN9083I,07EKUCN9083I1ZY,U48440MH2008WEN894201,False,UDYAM-DL-35-7452409,175.90,24380637PXDFNM9491,60.9,Ishani Gokhale,94978169,"Plot 57, Rudrapur Industrial Estate, Uttarakhand - 675453",False
BID_1198,"Modi, Venkatesh and Yogi Limited",sales@modivenkateshandyogi.com,XXXX XXXX 8704,RAICJ0407F,29RAICJ0407F3Z0,L95793MH2002WJJ173439,True,UDYAM-KA-66-1994271,31.40,24950691UWIOSQ5453,46.3,Dominic Sood,85874458,"Plot 127, Ambattur Industrial Estate, Chennai - 779261",False
BID_1199,Bakshi-Goda Limited,bids@bakshigoda.com,XXXX XXXX 2097,MOWCD9935V,07MOWCD9935V1ZP,U67258KA2014IRL694081,False,UDYAM-DL-01-7278497,113.36,24161187JTLOCA3120,46.8,Oviya Vig,33172390,"Plot 206, Baddi Industrial Area, Himachal Pradesh - 885237",False
BID_1200,"Khanna, Muni and Char Limited",procurement@khannamuniandchar.co.in,XXXX XXXX 6782,TTDCF9965A,27TTDCF9965A7ZJ,U51129GJ2020USV451825,True,UDYAM-MH-50-8898470,8.62,24227509XDZCNT2187,37.1,Anita Lala,33313199,"Plot 96, Okhla Industrial Estate, New Delhi - 941500",False
BID_1201,"Sangha, Soman and Pillay Limited",bids@sanghasomanandpillay.biz.in,XXXX XXXX 4678,LTSCZ8765X,07LTSCZ8765X2ZH,U02800GJ2007PZN453379,False,UDYAM-DL-33-7978758,237.56,24672509ONYZTJ1275,66.4,Varenya Mallick,67331742,"Plot 61, Noida Sector 63 Industrial Area, Noida - 395086",False
BID_1202,Kashyap Limited,procurement@kashyap.in,XXXX XXXX 3007,CLFCQ4106V,24CLFCQ4106V4ZY,U47589KA2002BIN608248,False,UDYAM-GJ-43-0367239,242.73,24926356EPDURC3203,68.3,Krishna Rattan,87849144,"Plot 206, Okhla Industrial Estate, New Delhi - 664325",False
BID_1203,"Jani, Joshi and Mammen Pvt Ltd",admin@janijoshiandmammen.co.in,XXXX XXXX 2867,CIRCF4420B,09CIRCF4420B6ZZ,L75089MH1997IPR198003,False,UDYAM-UP-69-2397562,141.86,24719183SVRNJZ7773,39.0,Arunima Kale,17367933,"Plot 100, Peenya Industrial Area, Bengaluru - 772277",False
BID_1204,Bhargava-Radhakrishnan Limited,gem.desk@bhargavaradhakrishnan.co.in,XXXX XXXX 1951,YTJCJ6627M,07YTJCJ6627M2ZB,L38175TN2018IHS044558,True,UDYAM-DL-82-5825472,23.27,24119475JRXRRX1878,21.7,Aarna Ganesh,38105040,"Plot 4, MIDC Industrial Area, Pune - 498191",True
BID_1205,Dani LLP,gem.desk@dani.biz.in,XXXX XXXX 1549,DHMCY6002C,33DHMCY6002C1Z4,U75978DL1997ZPA772974,False,UDYAM-TN-66-7713545,83.84,24260290GEFTMP6481,23.1,Sachi Gupta,88198194,"Plot 29, Patparganj Industrial Area, New Delhi - 806424",False
BID_1206,Goda PLC Pvt Ltd,bids@godaplc.co.in,XXXX XXXX 4671,VEMCI8065X,29VEMCI8065X4Z6,U49506KA2023XZR889578,True,UDYAM-KA-73-8995347,27.92,24195571OZKXMZ4594,57.4,Jyoti Sekhon,09414250,"Plot 128, Manesar Industrial Area, Gurugram - 571329",False
BID_1207,"Dara, Subramaniam and Shah Pvt Ltd",bids@darasubramaniamandshah.in,XXXX XXXX 8877,UGKCY4475N,09UGKCY4475N4Z0,U07319TN2023XDR260256,True,UDYAM-UP-10-8079704,38.51,24102450RBSGFZ0702,59.5,Warda Ramanathan,55427456,"Plot 23, Naroda Industrial Estate, Ahmedabad - 821090",False
BID_1208,Balakrishnan PLC Limited,admin@balakrishnanplc.co.in,XXXX XXXX 4407,GUDCN5871R,33GUDCN5871R4ZD,U07747GJ2000OSO792661,True,UDYAM-TN-00-7348647,6.46,24199203TCATCH9194,22.1,Maanav Khatri,18885533,"Plot 64, Taloja MIDC, Navi Mumbai - 836060",False
BID_1209,Warrior Pvt Ltd,admin@warrior.in,XXXX XXXX 1206,LIECG9490P,24LIECG9490P9ZF,L16089UP2002XNI354827,False,UDYAM-GJ-35-5386066,211.37,24278742TOCNGB0314,27.1,Jyoti Kapoor,23015351,"Plot 108, Manesar Industrial Area, Gurugram - 373229",False
BID_1210,Narasimhan Pvt Ltd,procurement@narasimhan.biz.in,XXXX XXXX 1658,NRECK8415Q,27NRECK8415Q3ZZ,U74796KA2018GLW559095,False,UDYAM-MH-84-9466479,57.51,24547335XOWYPJ7770,72.7,Urvi Agate,12727780,"Plot 135, Noida Sector 63 Industrial Area, Noida - 012646",False
BID_1211,Bassi-Mitra LLP,bids@bassimitra.co.in,XXXX XXXX 9351,VVCCD7162X,27VVCCD7162X9Z1,L44833TN1995VGG939528,False,UDYAM-MH-00-8128276,79.33,24540035OHKRIQ6960,70.4,Mitali Boase,43141051,"Plot 180, Taloja MIDC, Navi Mumbai - 056906",False
BID_1212,Singh LLP,contact@singh.com,XXXX XXXX 1565,JOECO9090K,27JOECO9090K7ZO,U85386KA2024LVI515790,True,UDYAM-MH-74-7803260,24.65,24289081AAILMG9227,23.5,Balveer Deshpande,48281289,"Plot 164, Whitefield Industrial Zone, Bengaluru - 158146",False
BID_1213,"Shanker, Kalita and Ravel LLP",gem.desk@shankerkalitaandravel.in,XXXX XXXX 6113,YIACR7716L,27YIACR7716L9ZG,U82608TN2014BBF569881,False,UDYAM-MH-10-8237280,216.68,24698614MNJRQY0756,75.5,Eshana Savant,35978868,"Plot 184, Rudrapur Industrial Estate, Uttarakhand - 270787",False
BID_1214,Dar-Vora Pvt Ltd,bids@darvora.in,XXXX XXXX 7331,QVNCT6167Q,09QVNCT6167Q2ZM,L77097GJ2007POX359769,False,UDYAM-UP-66-6120292,168.78,24780979IRFOUR2244,39.4,Matthew Dixit,11989975,"Plot 52, Baddi Industrial Area, Himachal Pradesh - 462986",False
BID_1215,"Babu, Bansal and Acharya LLP",contact@babubansalandacharya.biz.in,XXXX XXXX 7131,XDRCH7943Q,33XDRCH7943Q6ZN,U50061MH2005EYT811350,False,UDYAM-TN-24-0481040,128.26,24014905YNQLMN7374,37.4,Azad Kale,92869657,"Plot 163, Sanand GIDC Industrial Area, Ahmedabad - 373374",False
BID_1216,Kulkarni-Agate Pvt Ltd,info@kulkarniagate.biz.in,XXXX XXXX 7957,BRMCO1788V,09BRMCO1788V1ZK,U33103TN1999VSF134508,False,UDYAM-UP-80-8268588,61.71,24643677KIYYWH9007,41.5,Advay Hayer,45782578,"Plot 128, Guindy Industrial Estate, Chennai - 698463",False
BID_1217,Chowdhury-Bhargava Limited,info@chowdhurybhargava.biz.in,XXXX XXXX 4615,YITCU2887H,07YITCU2887H6ZL,L87678TN2013FUX080601,True,UDYAM-DL-99-2570289,16.67,24225694SDENTN6191,24.3,Raksha Dar,49362935,"Plot 84, Whitefield Industrial Zone, Bengaluru - 134590",False
BID_1218,"Agarwal, Choudhry and Tandon Limited",info@agarwalchoudhryandtandon.co.in,XXXX XXXX 8861,MCRCH1806Q,09MCRCH1806Q2ZQ,L17873DL2022EUB829495,True,UDYAM-UP-87-2894126,38.46,24495917UCDWFG3962,31.4,Bhavika Sani,38397062,"Plot 139, Taloja MIDC, Navi Mumbai - 702381",False
BID_1219,Narayanan PLC Pvt Ltd,gem.desk@narayananplc.biz.in,XXXX XXXX 8680,GKMCJ5163I,27GKMCJ5163I7ZL,U09553GJ2005YBH415130,True,UDYAM-MH-44-2984203,25.76,24802699OKKZHV9199,77.7,Brijesh Goswami,22623482,"Plot 249, Manesar Industrial Area, Gurugram - 127421",False
BID_1220,Mangal-Virk LLP,sales@mangalvirk.co.in,XXXX XXXX 4864,BLECX9394H,07BLECX9394H4ZT,L20663MH2018XCZ734928,True,UDYAM-DL-78-4736910,40.00,24451533FQYKYH1588,46.4,Kashvi Johal,02085304,"Plot 140, MIDC Industrial Area, Pune - 364103",True
BID_1221,"Gera, Buch and Bumb Limited",info@gerabuchandbumb.biz.in,XXXX XXXX 6256,SEJCE1551N,07SEJCE1551N4ZM,L00987MH2006PME590502,False,UDYAM-DL-12-4010232,238.74,24740432BUCWVN0163,25.7,Bhavna Maharaj,70501850,"Plot 86, Sanand GIDC Industrial Area, Ahmedabad - 132787",False
BID_1222,Chaudhry-Contractor Limited,gem.desk@chaudhrycontractor.in,XXXX XXXX 0240,XJSCG8402B,33XJSCG8402B7ZB,U66342KA2020SMS653436,True,UDYAM-TN-67-0525457,3.22,24076194JOEMYT8034,54.2,Ladli Dani,21264145,"Plot 155, Whitefield Industrial Zone, Bengaluru - 462124",True
BID_1223,"Karpe, Sule and Bora LLP",info@karpesuleandbora.in,XXXX XXXX 9007,ZMCCR1956S,33ZMCCR1956S4ZI,U19704DL2003WED323900,True,UDYAM-TN-47-4238985,25.86,24381958RWCKGT9294,29.2,Damini Sood,10689159,"Plot 162, Rudrapur Industrial Estate, Uttarakhand - 188536",False
BID_1224,Hora-Raju Pvt Ltd,admin@horaraju.com,XXXX XXXX 4801,HVKCL0024T,07HVKCL0024T4Z5,U24847TN2024AZZ381481,False,UDYAM-DL-47-7354050,242.85,24045808SIXGRD7773,45.7,Samesh Mukherjee,46409206,"Plot 183, Manesar Industrial Area, Gurugram - 808374",False
BID_1225,"Bansal, Basu and Verma Limited",gem.desk@bansalbasuandverma.in,XXXX XXXX 1009,RDMCO0669I,24RDMCO0669I1ZD,U94904GJ2021HUZ245346,True,UDYAM-GJ-34-8995200,21.63,24877219XPJRYC4230,52.2,Turvi Dhingra,26506262,"Plot 209, Hosur Industrial Estate, Hosur - 727455",False
BID_1226,Garg-Lala LLP,gem.desk@garglala.in,XXXX XXXX 7831,VOHCD5784Z,29VOHCD5784Z4ZI,L51122MH2019UCK459496,False,UDYAM-KA-67-3748322,201.64,24309417VRAGGQ2700,60.0,Chakradev Barad,95565637,"Plot 249, Guindy Industrial Estate, Chennai - 717331",False
BID_1227,"Walla, Pathak and Bains Pvt Ltd",procurement@wallapathakandbains.co.in,XXXX XXXX 8209,YIHCX9111Q,27YIHCX9111Q7ZH,U61209TN2019IFE767643,False,UDYAM-MH-68-6992868,173.59,24283782CNWDOQ1396,49.0,Sachi Ranganathan,55520711,"Plot 42, Peenya Industrial Area, Bengaluru - 654355",False
BID_1228,Chanda-De Pvt Ltd,bids@chandade.co.in,XXXX XXXX 9367,RAGCZ6650W,09RAGCZ6650W9ZO,L19996TN2005XLD199128,True,UDYAM-UP-49-9770369,35.38,24627070HZHXFA0335,54.4,Falak Hans,56141641,"Plot 62, Sanand GIDC Industrial Area, Ahmedabad - 282156",False
BID_1229,"Oza, Kant and Raghavan Limited",procurement@ozakantandraghavan.co.in,XXXX XXXX 6165,TTSCL5213A,24TTSCL5213A9ZB,U14874GJ2005RIY790130,False,UDYAM-GJ-43-1447957,233.36,24788162LPKYWL4556,91.2,Dhriti Sur,54514034,"Plot 67, Guindy Industrial Estate, Chennai - 497928",False
BID_1230,Mane-Bawa LLP,info@manebawa.biz.in,XXXX XXXX 1914,MDPCT2601Y,33MDPCT2601Y9Z0,U21809MH2001WHO689361,True,UDYAM-TN-13-7207051,4.71,24769928CBKXGX2803,62.7,Nidhi Narula,90901055,"Plot 46, Noida Sector 63 Industrial Area, Noida - 580341",False
BID_1231,Keer LLP,gem.desk@keer.com,XXXX XXXX 3629,YELCX8760Y,24YELCX8760Y8ZG,U42623KA2009STX524335,False,UDYAM-GJ-96-9670040,162.74,24753190RYRBHG4165,22.2,Dev Kara,64600759,"Plot 18, Patparganj Industrial Area, New Delhi - 419147",False
BID_1232,"Khatri, Garde and Hegde Limited",procurement@khatrigardeandhegde.co.in,XXXX XXXX 6157,VFSCZ0154X,24VFSCZ0154X4ZS,L40426GJ2005ITI894878,False,UDYAM-GJ-29-7562762,12.24,24628565MVXFXR0330,56.6,Chatresh Shetty,06421115,"Plot 86, Peenya Industrial Area, Bengaluru - 710376",False
BID_1233,"Balakrishnan, Deep and Basak Limited",procurement@balakrishnandeepandbasak.co.in,XXXX XXXX 6343,ASACZ7040L,09ASACZ7040L1Z5,U17184MH2021MSU089135,False,UDYAM-UP-90-9762062,148.88,24678781ZZHZLX5233,55.1,Girish Bail,54240636,"Plot 87, Patparganj Industrial Area, New Delhi - 109630",True
BID_1234,Chaudhry-Krishnan Limited,gem.desk@chaudhrykrishnan.biz.in,XXXX XXXX 3170,JWUCR5369P,29JWUCR5369P8ZD,U04063UP2011TBN849907,True,UDYAM-KA-31-8301579,39.52,24644890ORVJKE9055,22.2,Harrison Panchal,37021505,"Plot 108, Rudrapur Industrial Estate, Uttarakhand - 578012",False
BID_1235,"Johal, Ghosh and Chaudhari Pvt Ltd",procurement@johalghoshandchaudhari.co.in,XXXX XXXX 3707,LZXCE4641Z,24LZXCE4641Z4Z9,L55735TN1996JTF631119,False,UDYAM-GJ-66-3766148,214.74,24424590FCSLJZ5010,43.3,Pooja Madan,82647690,"Plot 63, Noida Sector 63 Industrial Area, Noida - 811117",False
BID_1236,"Chaudhari, Bora and Srivastava Pvt Ltd",sales@chaudhariboraandsrivastava.in,XXXX XXXX 9704,GEQCX4913F,33GEQCX4913F4Z9,L15766DL2002TAC871111,True,UDYAM-TN-18-6382758,18.70,24573166ZVFMGI9737,58.9,Mekhala Mohanty,02114397,"Plot 226, Noida Sector 63 Industrial Area, Noida - 989434",False
BID_1237,Mandal Pvt Ltd,gem.desk@mandal.co.in,XXXX XXXX 9846,HBKCG6852Y,24HBKCG6852Y9ZQ,U93424DL2023PJS987996,True,UDYAM-GJ-32-0103951,24.16,24819925XIMARR5992,87.0,Upma Bassi,32239420,"Plot 208, Naroda Industrial Estate, Ahmedabad - 775445",False
BID_1238,Ahluwalia-Dani LLP,info@ahluwaliadani.com,XXXX XXXX 3923,WEUCX3031S,33WEUCX3031S9ZI,L38700UP2022QJG157472,True,UDYAM-TN-52-2333172,15.38,24095062NZZEOZ7862,87.3,Geetika Sood,94067356,"Plot 108, Okhla Industrial Estate, New Delhi - 639419",False
BID_1239,"Mital, Rajagopalan and Uppal Limited",admin@mitalrajagopalananduppal.co.in,XXXX XXXX 8718,HVJCE9631X,24HVJCE9631X5ZQ,L97565GJ2013VYE298232,True,UDYAM-GJ-77-7442346,19.08,24257818JPASJT2144,20.3,Zaid Naik,33406132,"Plot 125, MIDC Industrial Area, Pune - 954654",True
BID_1240,"Mangat, Saini and Bora LLP",sales@mangatsainiandbora.in,XXXX XXXX 1287,MGXCT2520S,09MGXCT2520S9Z2,U13855MH1999YPV992265,False,UDYAM-UP-83-2430767,186.99,24535971HPQYVM1599,77.3,Yatin Chatterjee,08345006,"Plot 47, Whitefield Industrial Zone, Bengaluru - 622784",False
BID_1241,Basu-Maharaj Limited,sales@basumaharaj.biz.in,XXXX XXXX 8475,CPSCE3411K,29CPSCE3411K8ZB,U50634DL2023FJD527669,False,UDYAM-KA-36-2066277,67.78,24050720VDNQRD0808,73.1,Sarthak Tripathi,39027162,"Plot 170, Ambattur Industrial Estate, Chennai - 528859",False
BID_1242,Verma Pvt Ltd,contact@verma.com,XXXX XXXX 5572,CUDCH1833W,07CUDCH1833W7ZX,U60984UP2017LXK077876,False,UDYAM-DL-04-5720587,166.04,24723583VCWSAQ8550,62.2,Priya Shanker,20150684,"Plot 22, Noida Sector 63 Industrial Area, Noida - 493389",False
BID_1243,"Grover, Mallick and Mahal Limited",gem.desk@grovermallickandmahal.biz.in,XXXX XXXX 4297,IZKCL5223N,07IZKCL5223N8Z7,U05499DL2009LXM087716,True,UDYAM-DL-55-3073736,27.04,24649306NHDESD7022,85.0,Sara Raju,16883006,"Plot 70, Baddi Industrial Area, Himachal Pradesh - 341773",False
BID_1244,Vala-Lad LLP,procurement@valalad.com,XXXX XXXX 8104,OJJCD0274L,07OJJCD0274L9Z4,L42150MH1997WVX213018,True,UDYAM-DL-63-6533203,39.18,24766599AILLJA8402,48.5,Raagini Sha,81147822,"Plot 102, Hosur Industrial Estate, Hosur - 667942",False
BID_1245,Bhat-Shroff LLP,bids@bhatshroff.biz.in,XXXX XXXX 6379,MECCH6744T,33MECCH6744T1ZG,L58330DL2012MYX175737,True,UDYAM-TN-26-1974411,22.42,24124038WMFAIA5374,25.4,Varsha Chaudhary,65447305,"Plot 105, Taloja MIDC, Navi Mumbai - 523092",False
BID_1246,"Kapoor, Sahota and Uppal Limited",contact@kapoorsahotaanduppal.biz.in,XXXX XXXX 6669,CSACJ8248J,09CSACJ8248J1ZO,U10105GJ1998YOD041160,True,UDYAM-UP-74-9472841,32.66,24339849UVFBCY8129,71.8,Yagnesh Dhingra,09190360,"Plot 111, Taloja MIDC, Navi Mumbai - 668214",False
BID_1247,Dugal PLC Limited,admin@dugalplc.in,XXXX XXXX 8520,XILCV0870F,33XILCV0870F4ZE,L82483DL2004FEJ309590,False,UDYAM-TN-55-5136680,119.15,24083599IYSCRH1917,47.4,Zaid Chopra,70667102,"Plot 184, Whitefield Industrial Zone, Bengaluru - 639010",False
BID_1248,Krishnamurthy PLC Pvt Ltd,gem.desk@krishnamurthyplc.in,XXXX XXXX 5428,OJNCH0264Q,33OJNCH0264Q3ZZ,L64745GJ2000KMD931440,False,UDYAM-TN-97-6338582,193.53,24400073XUDHIO5263,88.6,Elijah Salvi,78597624,"Plot 13, Okhla Industrial Estate, New Delhi - 743867",False
BID_1249,Agrawal-Banerjee Pvt Ltd,contact@agrawalbanerjee.in,XXXX XXXX 2630,AXPCQ5853B,29AXPCQ5853B9ZT,U19401KA2016OVL490003,False,UDYAM-KA-44-4642506,222.18,24659632WGCKUM4592,55.0,Mohammed Vyas,90532485,"Plot 147, Okhla Industrial Estate, New Delhi - 362471",False
BID_1250,Sangha Pvt Ltd,procurement@sangha.com,XXXX XXXX 1760,BXLCE6159B,07BXLCE6159B7ZM,L58067TN2022DKS127223,True,UDYAM-DL-40-2891024,20.57,24070882GBSKHL4465,37.3,Yachana Tandon,46794602,"Plot 27, Noida Sector 63 Industrial Area, Noida - 849260",False
BID_1251,Borra Limited,bids@borra.biz.in,XXXX XXXX 6875,CQMCG7758M,33CQMCG7758M9Z4,U65255TN2017MZX550109,False,UDYAM-TN-94-6114797,86.37,24268937XVEBWJ0156,68.9,Omaja Prabhu,01667342,"Plot 87, Naroda Industrial Estate, Ahmedabad - 924268",False
BID_1252,Bal LLP,sales@bal.co.in,XXXX XXXX 7277,WBSCU1515W,29WBSCU1515W8ZN,L83741MH1996CMT927096,False,UDYAM-KA-74-5457877,6.17,24189044LPZHJF3454,92.3,Zinal Ben,24237588,"Plot 190, Patparganj Industrial Area, New Delhi - 406416",False
BID_1253,Korpal-Kala Pvt Ltd,gem.desk@korpalkala.in,XXXX XXXX 4010,RFECR6724F,07RFECR6724F2Z9,U82196DL2016DXK335930,False,UDYAM-DL-97-4720413,35.63,24061075RMUJCQ4805,82.6,Lucky Kalla,23882111,"Plot 102, Baddi Industrial Area, Himachal Pradesh - 852716",False
BID_1254,Venkataraman Pvt Ltd,info@venkataraman.co.in,XXXX XXXX 1632,DLSCB8440T,24DLSCB8440T4ZA,L06952UP2007RCJ324321,False,UDYAM-GJ-42-3711022,104.81,24383970CZULFH8519,87.5,Akshay Kanda,55104198,"Plot 144, Naroda Industrial Estate, Ahmedabad - 263876",False
BID_1255,"Sastry, Tella and Bava Pvt Ltd",admin@sastrytellaandbava.com,XXXX XXXX 8460,ZJVCU8827M,29ZJVCU8827M7ZE,U62290DL2006FNH860374,True,UDYAM-KA-70-4165260,22.91,24178584KKVTAA8259,48.9,Pranit Ghosh,34043480,"Plot 120, Patparganj Industrial Area, New Delhi - 648952",False
BID_1256,Atwal-Nagi LLP,procurement@atwalnagi.co.in,XXXX XXXX 6255,ASXCN5475I,09ASXCN5475I6ZP,U67722TN2011RHW614143,False,UDYAM-UP-70-7731407,216.90,24102072WMGZQG3745,46.6,Rayaan Shanker,77402745,"Plot 250, Ambattur Industrial Estate, Chennai - 339349",False
BID_1257,Wali Limited,info@wali.com,XXXX XXXX 6681,RDCCZ2005O,07RDCCZ2005O4ZW,L70782GJ2007VAV080818,False,UDYAM-DL-35-5323132,106.55,24056065ZREPWU9804,39.3,Upkaar Prasad,67602818,"Plot 115, MIDC Industrial Area, Pune - 497586",False
BID_1258,Rai LLP,admin@rai.co.in,XXXX XXXX 0097,QMICU0288U,27QMICU0288U5ZK,U59009UP2002JWG317790,False,UDYAM-MH-74-0667710,117.62,24813677LRCXEH8269,67.2,Amruta Nazareth,34768574,"Plot 244, Sanand GIDC Industrial Area, Ahmedabad - 465495",False
BID_1259,"Mandal, Datta and Gala Limited",contact@mandaldattaandgala.biz.in,XXXX XXXX 5113,WDBCK8927I,27WDBCK8927I2Z1,L10314UP2003VVF922110,True,UDYAM-MH-20-4322989,36.16,24793861VGKBMY4819,32.2,Balvan Singhal,72437966,"Plot 99, Peenya Industrial Area, Bengaluru - 544075",False
BID_1260,Narang Limited,info@narang.biz.in,XXXX XXXX 9937,HGWCN5497M,24HGWCN5497M5ZJ,U14311GJ2002PGA354406,False,UDYAM-GJ-18-4851555,130.27,24310253TNKROX2263,89.1,Zansi Brar,17748962,"Plot 67, Baddi Industrial Area, Himachal Pradesh - 914521",False
BID_1261,Badal PLC Limited,info@badalplc.in,XXXX XXXX 8097,FDFCI5147V,29FDFCI5147V3Z6,U26989KA2016GJS197589,False,UDYAM-KA-75-4142980,35.58,24414823JYFHLF7043,52.6,Azaan Thakkar,53048277,"Plot 206, Taloja MIDC, Navi Mumbai - 549227",False
BID_1262,"Patel, Chakrabarti and Bhandari Pvt Ltd",contact@patelchakrabartiandbhandari.in,XXXX XXXX 5945,SEYCI3729Q,29SEYCI3729Q6Z7,U45314TN2013ZXP561201,False,UDYAM-KA-51-8510946,108.82,24452374LLQPVA9645,46.8,Bakhshi Nagar,47429910,"Plot 74, Guindy Industrial Estate, Chennai - 052197",False
BID_1263,Mistry LLP,contact@mistry.in,XXXX XXXX 0350,PAZCF4370F,07PAZCF4370F7Z8,L16365KA2005AJV551327,False,UDYAM-DL-29-7087471,204.71,24084325RPAEQG2816,29.7,Priya Sheth,30851660,"Plot 206, Rudrapur Industrial Estate, Uttarakhand - 279335",False
BID_1264,"Shere, Dutt and Saxena LLP",admin@shereduttandsaxena.biz.in,XXXX XXXX 5908,IFRCZ6996V,24IFRCZ6996V6ZA,L25450TN2022IEP619014,False,UDYAM-GJ-26-1848277,45.75,24710344LGQTMF8931,56.6,Gagan Vohra,90583170,"Plot 108, Hosur Industrial Estate, Hosur - 593095",True
BID_1265,"Shetty, Raju and Chander Limited",gem.desk@shettyrajuandchander.in,XXXX XXXX 4551,QTPCT9670M,27QTPCT9670M8Z4,L96682GJ2008CDR044271,True,UDYAM-MH-92-1498531,17.22,24118770KLEXGC0255,86.9,Omya Gole,50648139,"Plot 71, Hosur Industrial Estate, Hosur - 072316",False
BID_1266,Krishna Pvt Ltd,sales@krishna.com,XXXX XXXX 4269,VGVCF8572F,07VGVCF8572F4ZG,L39256KA2015BMR250931,False,UDYAM-DL-23-1334463,105.99,24937283TXMSND8629,85.1,Harish Bhagat,72710134,"Plot 83, Whitefield Industrial Zone, Bengaluru - 765941",False
BID_1267,Shere-Kant Pvt Ltd,info@sherekant.biz.in,XXXX XXXX 4319,SLRCI4482U,29SLRCI4482U6Z3,L10804TN2005NUJ544811,False,UDYAM-KA-74-1882921,49.54,24484006YYEKNX8883,85.0,Chandani Kara,61302937,"Plot 112, Baddi Industrial Area, Himachal Pradesh - 506560",True
BID_1268,"Nayar, Sanghvi and Mukherjee Pvt Ltd",gem.desk@nayarsanghviandmukherjee.in,XXXX XXXX 4093,XIJCF5878E,24XIJCF5878E3Z9,L61786DL1996TZA933675,False,UDYAM-GJ-37-0138534,234.95,24848728FNAMPL9413,59.8,Hritik Bakshi,68482712,"Plot 97, Rudrapur Industrial Estate, Uttarakhand - 112511",False
BID_1269,Sharaf-Sharma Limited,bids@sharafsharma.co.in,XXXX XXXX 0363,VOMCI2016I,27VOMCI2016I8ZR,U74274DL2013UYL677832,False,UDYAM-MH-01-1894088,27.61,24244726MGEAXJ0333,90.8,Rajata Soni,63620060,"Plot 200, Okhla Industrial Estate, New Delhi - 838175",False
BID_1270,Chanda Limited,contact@chanda.in,XXXX XXXX 6872,ZTZCC6705C,24ZTZCC6705C4ZG,U85317TN2020SBA491021,False,UDYAM-GJ-56-1426960,100.62,24358092PGXHTA4194,27.6,Avni Parmar,91633505,"Plot 17, Taloja MIDC, Navi Mumbai - 811527",False
BID_1271,Karpe-Deep Limited,procurement@karpedeep.com,XXXX XXXX 4290,NWACJ9073U,33NWACJ9073U3ZV,L25565TN1995KDT023864,False,UDYAM-TN-38-7162804,24.82,24835718GZDMSZ5369,21.6,Zehaan Loyal,59502556,"Plot 138, Whitefield Industrial Zone, Bengaluru - 921410",False
BID_1272,Sheth Pvt Ltd,contact@sheth.com,XXXX XXXX 7450,UWFCL8292W,09UWFCL8292W4Z6,L04781GJ2018XCM715901,True,UDYAM-UP-13-8029113,32.73,24173212GYJMMN4828,67.9,Ishanvi Setty,47577272,"Plot 40, Guindy Industrial Estate, Chennai - 224710",False
BID_1273,"Din, Rai and Apte Pvt Ltd",contact@dinraiandapte.com,XXXX XXXX 1826,CYPCN1866Q,07CYPCN1866Q5ZJ,U26622UP2018OWU006552,True,UDYAM-DL-35-2854096,12.36,24652714JEDMKK0621,45.8,Divya Deol,66404868,"Plot 4, Naroda Industrial Estate, Ahmedabad - 000664",True
BID_1274,"Sankar, Chaudhry and Lall Pvt Ltd",gem.desk@sankarchaudhryandlall.com,XXXX XXXX 6472,VOXCX4336P,33VOXCX4336P3Z4,U56004UP2019RCD316536,True,UDYAM-TN-18-2881987,30.83,24502242FRIDCX1904,41.1,Panini Bajaj,99292815,"Plot 120, Rudrapur Industrial Estate, Uttarakhand - 616541",False
BID_1275,"Nagar, Talwar and Oak LLP",bids@nagartalwarandoak.co.in,XXXX XXXX 2716,ANQCA5729L,33ANQCA5729L5ZH,U10604GJ2002AGQ860035,False,UDYAM-TN-58-9597976,40.09,24219968GWJKJI5963,83.8,Aarna Parmer,77169270,"Plot 52, Sanand GIDC Industrial Area, Ahmedabad - 153213",False
BID_1276,Kade-Krishna Limited,bids@kadekrishna.co.in,XXXX XXXX 8971,NXFCQ8646G,07NXFCQ8646G3ZB,U98082GJ1995OOG229015,True,UDYAM-DL-15-3652155,21.23,24775887XFWXSX3538,48.7,Tanveer Chatterjee,14356194,"Plot 237, Taloja MIDC, Navi Mumbai - 180040",False
BID_1277,"Korpal, Anne and Venkataraman LLP",admin@korpalanneandvenkataraman.co.in,XXXX XXXX 7876,GYDCU9790Q,29GYDCU9790Q2ZD,U87901DL2023VHI358430,True,UDYAM-KA-80-7828681,34.91,24576217YHTQAC9956,90.0,Ucchal Khosla,83265883,"Plot 245, Peenya Industrial Area, Bengaluru - 045447",False
BID_1278,"Bose, Koshy and Sinha Pvt Ltd",info@bosekoshyandsinha.in,XXXX XXXX 7207,XWLCH1511X,33XWLCH1511X6Z3,L33726DL2010BWU188332,True,UDYAM-TN-57-6280776,25.26,24251046ZZMEXY8008,26.6,Sanya Chander,37899955,"Plot 127, Rudrapur Industrial Estate, Uttarakhand - 247908",False
BID_1279,"Prakash, Bera and Wable LLP",admin@prakashberaandwable.co.in,XXXX XXXX 5760,MQVCZ2280G,29MQVCZ2280G3Z9,L92793KA2016VVA008720,False,UDYAM-KA-51-1926804,65.15,24418711GDPOVF3155,38.3,Andrew Khatri,04975984,"Plot 131, Rudrapur Industrial Estate, Uttarakhand - 613943",False
BID_1280,"Bala, Basu and Patla Limited",contact@balabasuandpatla.biz.in,XXXX XXXX 3921,ZCXCZ2817Z,27ZCXCZ2817Z3ZC,U33473MH2011LXC618384,True,UDYAM-MH-45-3735047,26.34,24180187XWEWJZ1627,76.3,Sudiksha Bal,08873694,"Plot 72, Naroda Industrial Estate, Ahmedabad - 685215",False
BID_1281,Uppal LLP,procurement@uppal.com,XXXX XXXX 1858,STMCT9641Y,29STMCT9641Y1ZY,U87565UP2018QBK431434,False,UDYAM-KA-46-5780844,49.26,24716425FSPQWI5452,68.0,Omkaar Bora,31027254,"Plot 246, Whitefield Industrial Zone, Bengaluru - 067077",False
BID_1282,Yadav-Yogi Limited,contact@yadavyogi.com,XXXX XXXX 8587,YWPCM2706C,29YWPCM2706C4Z5,L41537MH2001KFF191825,False,UDYAM-KA-53-8968996,196.81,24788768IWQGOP6061,77.0,Bachittar Gera,07489844,"Plot 142, Okhla Industrial Estate, New Delhi - 679641",False
BID_1283,"Majumdar, Vasa and Setty Pvt Ltd",contact@majumdarvasaandsetty.in,XXXX XXXX 8842,QWECN0445J,09QWECN0445J5Z4,U18632MH2017IDO071949,True,UDYAM-UP-68-2022471,17.68,24107650GYCLAB1041,37.7,Udant Jaggi,81162703,"Plot 219, Noida Sector 63 Industrial Area, Noida - 675509",False
BID_1284,Jani-Sawhney Pvt Ltd,admin@janisawhney.co.in,XXXX XXXX 5513,VFOCH2367T,33VFOCH2367T2Z7,L14962MH2023IGU855898,False,UDYAM-TN-32-3240393,15.59,24425323CVQSXT7384,71.9,Manan Morar,69176699,"Plot 175, Hosur Industrial Estate, Hosur - 492201",False
BID_1285,"Bhasin, Narayanan and Parmar Pvt Ltd",info@bhasinnarayananandparmar.com,XXXX XXXX 9282,KQICS7293O,07KQICS7293O4ZO,U66680DL2010NWV795760,True,UDYAM-DL-08-3253908,1.80,24256943XMZNZM3731,88.9,Chavvi Sabharwal,07970653,"Plot 157, Naroda Industrial Estate, Ahmedabad - 772617",False
BID_1286,Talwar-Chaudhari Limited,bids@talwarchaudhari.com,XXXX XXXX 2766,AGUCO6138P,27AGUCO6138P3ZW,U67128MH2024WCV967117,True,UDYAM-MH-44-2577548,21.72,24924679BVDVVX2186,28.9,Brinda Narula,39995003,"Plot 134, Sanand GIDC Industrial Area, Ahmedabad - 204898",False
BID_1287,"Dutt, Mishra and Parekh LLP",admin@duttmishraandparekh.com,XXXX XXXX 6936,LVDCG8464R,29LVDCG8464R8ZZ,L83649GJ2017IYF763321,False,UDYAM-KA-55-2665040,199.41,24476074RUBSSH9444,59.2,Yash Sandal,16562852,"Plot 69, Taloja MIDC, Navi Mumbai - 996015",False
BID_1288,Nagy LLP,procurement@nagy.com,XXXX XXXX 0568,DZWCV0796E,29DZWCV0796E9ZU,U35047DL2003CPZ475757,True,UDYAM-KA-95-1345658,5.64,24103019LBSKUZ1864,38.2,Falan Dewan,92965448,"Plot 35, Hosur Industrial Estate, Hosur - 104161",False
BID_1289,Wason PLC Limited,admin@wasonplc.in,XXXX XXXX 1101,SEMCG5240Q,24SEMCG5240Q8ZV,L55422UP2015SMD844636,False,UDYAM-GJ-76-4589877,180.40,24769870XHJAJO1864,94.6,Banjeet Krishnamurthy,95021741,"Plot 199, Peenya Industrial Area, Bengaluru - 909385",False
BID_1290,Shroff-Saran LLP,contact@shroffsaran.in,XXXX XXXX 9228,FZYCZ8091H,09FZYCZ8091H9ZO,U57192DL2016IAS086777,False,UDYAM-UP-89-3969114,202.75,24649988BDYKET3625,62.9,Abeer Khanna,93803807,"Plot 93, Okhla Industrial Estate, New Delhi - 280364",False
BID_1291,Barad-Sen LLP,info@baradsen.com,XXXX XXXX 4514,UCBCV3281J,24UCBCV3281J4ZF,U30337KA2017UBL369074,False,UDYAM-GJ-71-1435355,15.87,24010585ELEWGH3287,52.9,Lucky Rastogi,34469834,"Plot 50, Whitefield Industrial Zone, Bengaluru - 291203",False
BID_1292,Sarin LLP,admin@sarin.in,XXXX XXXX 2096,JLTCM1233F,33JLTCM1233F1Z7,U84928DL2018KGT454167,False,UDYAM-TN-14-0368715,75.91,24346315EFMHON0211,76.7,Triya Basak,66293593,"Plot 92, Peenya Industrial Area, Bengaluru - 785413",False
BID_1293,Kapoor Pvt Ltd,contact@kapoor.co.in,XXXX XXXX 5890,KCNCT0189Y,27KCNCT0189Y5ZE,U21702KA2010IXT559373,False,UDYAM-MH-58-3709623,196.67,24726475YOVRQS7157,65.5,Anusha Madan,17878849,"Plot 118, Rudrapur Industrial Estate, Uttarakhand - 512655",True
BID_1294,Chopra-Thakkar Pvt Ltd,info@choprathakkar.biz.in,XXXX XXXX 9483,ZBCCE8366W,09ZBCCE8366W8ZE,L63623UP2017BYC116333,True,UDYAM-UP-79-6517109,30.05,24811484VKLEPO2720,85.0,Chaitaly Gera,89247565,"Plot 56, Naroda Industrial Estate, Ahmedabad - 394814",False
BID_1295,"Dara, Srivastava and Vohra LLP",procurement@darasrivastavaandvohra.com,XXXX XXXX 6180,LPCCL4426I,33LPCCL4426I3Z5,U46193MH2024KRM647638,True,UDYAM-TN-63-1916986,9.37,24271982VFRLGF6928,88.2,Kai Rama,38450731,"Plot 143, Ambattur Industrial Estate, Chennai - 494035",False
BID_1296,Sharaf Limited,procurement@sharaf.in,XXXX XXXX 9659,OOHCM3015E,24OOHCM3015E1ZO,U01306DL1996MZV654780,False,UDYAM-GJ-52-2478500,70.61,24342344UOCEXQ3150,79.9,Aadi Brar,36981989,"Plot 175, Guindy Industrial Estate, Chennai - 806567",False
BID_1297,Sahni-Bava LLP,gem.desk@sahnibava.com,XXXX XXXX 2521,CCSCH1682U,24CCSCH1682U5Z4,L83447DL2022BMA867361,False,UDYAM-GJ-69-4081293,77.21,24599124CZULRT9348,29.1,Janaki Bassi,84245663,"Plot 31, Taloja MIDC, Navi Mumbai - 658702",False
BID_1298,Yohannan PLC Limited,info@yohannanplc.biz.in,XXXX XXXX 3199,NTZCY4908X,27NTZCY4908X2Z1,L14600UP2006BGZ095362,False,UDYAM-MH-25-8977197,94.26,24156888XELLFU0457,53.9,Ridhi Vyas,44901834,"Plot 144, Hosur Industrial Estate, Hosur - 531047",False
BID_1299,Goswami LLP,info@goswami.in,XXXX XXXX 0082,GHKCF5155D,24GHKCF5155D5Z4,U35811KA2019NGS600508,False,UDYAM-GJ-28-0903272,127.67,24061032GMMWYT9612,38.2,Gavin Chaudhari,48646834,"Plot 6, Naroda Industrial Estate, Ahmedabad - 500060",False
BID_1300,Date-Dhillon Pvt Ltd,admin@datedhillon.in,XXXX XXXX 9136,ESLCP6201U,07ESLCP6201U1ZS,L24423TN1999SRL412586,False,UDYAM-DL-34-0049177,163.94,24490228TTAQUC3549,66.8,Frederick Madan,77837504,"Plot 143, Ambattur Industrial Estate, Chennai - 145664",True
BID_1301,Chahal-Chaudry LLP,contact@chahalchaudry.biz.in,XXXX XXXX 5041,ZHBCE9730L,09ZHBCE9730L3Z5,U58022GJ2022KOO267180,False,UDYAM-UP-26-4707743,80.02,24522687JUAKFR9173,38.0,Nitesh Bhat,43278944,"Plot 127, Naroda Industrial Estate, Ahmedabad - 409296",False
BID_1302,Chawla Limited,sales@chawla.com,XXXX XXXX 2210,YWICB9991G,33YWICB9991G3ZI,U99718KA2021NPI315397,False,UDYAM-TN-57-1616660,227.46,24165459CQTYVI5963,52.5,Yamini Randhawa,20863294,"Plot 193, Hosur Industrial Estate, Hosur - 327873",False
BID_1303,Magar-Chander LLP,admin@magarchander.in,XXXX XXXX 7639,HTGCW6690U,33HTGCW6690U3ZF,U42115KA1998IIZ895036,False,UDYAM-TN-66-7251402,201.11,24091001HGBWAB6556,35.4,Barkha Misra,16830576,"Plot 248, Guindy Industrial Estate, Chennai - 106140",False
BID_1304,Dhar-Sarin Pvt Ltd,gem.desk@dharsarin.co.in,XXXX XXXX 0639,IPZCU5711Z,33IPZCU5711Z9ZC,L98335UP1996ZVL469539,False,UDYAM-TN-29-7662817,10.48,24437546RIYJKL1194,33.7,Upasna Seshadri,16082553,"Plot 98, Sanand GIDC Industrial Area, Ahmedabad - 600936",False
BID_1305,Chaudry-Dara Pvt Ltd,info@chaudrydara.co.in,XXXX XXXX 9839,PNTCZ0732K,29PNTCZ0732K6ZO,L00909TN2017VSO882519,True,UDYAM-KA-80-3464631,37.65,24280550EAGRXL7076,29.9,Dayamai Chakrabarti,91073063,"Plot 90, Taloja MIDC, Navi Mumbai - 683807",False
BID_1306,Mital-Oommen LLP,admin@mitaloommen.biz.in,XXXX XXXX 1471,VWRCP3726L,33VWRCP3726L6Z1,U94632UP1996VAJ378587,False,UDYAM-TN-66-1800054,72.95,24335124VKBGZD4337,57.1,Fariq Dayal,64248723,"Plot 8, Taloja MIDC, Navi Mumbai - 213569",False
BID_1307,Goswami Pvt Ltd,sales@goswami.in,XXXX XXXX 6319,RLHCP3644O,33RLHCP3644O7ZM,L29152TN2005ROG787854,True,UDYAM-TN-88-3784726,1.59,24284023QICVST4804,21.9,Bhavna Nagarajan,99843389,"Plot 76, Hosur Industrial Estate, Hosur - 223258",False
BID_1308,Sule PLC Pvt Ltd,admin@suleplc.co.in,XXXX XXXX 0725,VXPCF9713H,09VXPCF9713H8ZG,U45429MH2014ZYQ659625,True,UDYAM-UP-90-8252042,4.49,24375391XAURNP4081,71.2,Orinder Purohit,32247675,"Plot 215, Noida Sector 63 Industrial Area, Noida - 306071",True
BID_1309,Raval PLC LLP,gem.desk@ravalplc.biz.in,XXXX XXXX 1685,ZMKCX3146X,33ZMKCX3146X7ZY,L43446TN2006TDG113013,False,UDYAM-TN-87-0338153,241.54,24817742YNVYBP7873,70.9,Vivaan Bhatti,61789891,"Plot 76, Peenya Industrial Area, Bengaluru - 273507",False
BID_1310,Char-Sandhu LLP,admin@charsandhu.com,XXXX XXXX 8939,QOMCS3469Z,07QOMCS3469Z4ZI,U65276UP2017TSN029075,True,UDYAM-DL-87-0033272,4.41,24091622UZQLMF9813,85.1,Aishani Nayar,09423486,"Plot 105, Okhla Industrial Estate, New Delhi - 420245",False
BID_1311,Muni PLC LLP,admin@muniplc.com,XXXX XXXX 0747,XWICG8843U,09XWICG8843U9ZW,U19130DL2024ZTX507152,True,UDYAM-UP-77-0575596,3.23,24886073WUBQYR6995,30.3,Aditya Joshi,07341632,"Plot 61, Manesar Industrial Area, Gurugram - 586345",False
BID_1312,Jhaveri-Varty Pvt Ltd,info@jhaverivarty.co.in,XXXX XXXX 4921,KLFCY6006D,29KLFCY6006D4ZI,U86732TN2013BUV053215,False,UDYAM-KA-88-1108009,17.55,24763551ARLDRK4572,52.7,Abdul Kibe,85871526,"Plot 205, Ambattur Industrial Estate, Chennai - 220954",False
BID_1313,"Vaidya, Sathe and Rout LLP",sales@vaidyasatheandrout.in,XXXX XXXX 3495,HCQCN1224U,07HCQCN1224U9Z4,L89118GJ2018FRD319916,False,UDYAM-DL-21-1561625,11.75,24856993GYRGBC9842,80.9,Karan Ramachandran,28872137,"Plot 129, Okhla Industrial Estate, New Delhi - 739415",False
BID_1314,"Halder, Bhandari and Doctor LLP",admin@halderbhandarianddoctor.co.in,XXXX XXXX 7546,APUCA2962E,09APUCA2962E7Z7,U93584GJ2014IEM062722,True,UDYAM-UP-89-7523271,20.68,24476876NSIZXS9718,94.1,Joshua Nagarajan,79085218,"Plot 84, Whitefield Industrial Zone, Bengaluru - 452464",True
BID_1315,Padmanabhan LLP,gem.desk@padmanabhan.com,XXXX XXXX 2699,QRHCI5271W,09QRHCI5271W2ZY,L39642DL1995SVW825232,False,UDYAM-UP-11-2621190,71.58,24265490UCQFSR6529,26.8,Rajeshri Batta,87722598,"Plot 237, Ambattur Industrial Estate, Chennai - 040777",False
BID_1316,Sood-Samra Pvt Ltd,info@soodsamra.com,XXXX XXXX 8655,IERCT8453S,07IERCT8453S9Z2,L29910UP2007AQB496073,False,UDYAM-DL-69-0468028,207.61,24870415FIDCUR4893,29.4,Ranbir Kala,09690835,"Plot 128, Naroda Industrial Estate, Ahmedabad - 686748",False
BID_1317,Prasad-Sharaf Limited,sales@prasadsharaf.in,XXXX XXXX 9284,VNPCG0363S,07VNPCG0363S5ZT,L14796DL2023GII595297,True,UDYAM-DL-45-8939884,2.61,24790766YPZDGI7068,37.3,Kashvi Dhar,66099602,"Plot 150, Sanand GIDC Industrial Area, Ahmedabad - 418416",False
BID_1318,Sachdeva LLP,sales@sachdeva.biz.in,XXXX XXXX 3252,CYTCO9100F,27CYTCO9100F2ZL,L14066MH2022XYR740979,True,UDYAM-MH-99-4472983,39.71,24364377QCHQGH0108,60.5,Amruta Saha,37324834,"Plot 38, Peenya Industrial Area, Bengaluru - 927434",False
BID_1319,Sur-Goel LLP,gem.desk@surgoel.biz.in,XXXX XXXX 0679,CDQCL3970A,24CDQCL3970A3Z1,L96294UP2019VNI662940,True,UDYAM-GJ-57-2355471,7.29,24982287NQLZIZ4179,65.5,Samesh Ganesan,98033534,"Plot 144, Ambattur Industrial Estate, Chennai - 959919",False
BID_1320,Sibal Limited,procurement@sibal.biz.in,XXXX XXXX 8582,RBSCM5553X,33RBSCM5553X6ZJ,U40546MH2012RKP132223,True,UDYAM-TN-16-8811382,15.81,24884327EZXPKI9882,65.0,Viraj Deol,50578905,"Plot 115, Patparganj Industrial Area, New Delhi - 332699",False
BID_1321,Lanka-Pillay Pvt Ltd,sales@lankapillay.in,XXXX XXXX 0070,LWHCC5046Q,09LWHCC5046Q9ZR,L26676TN2017PAV623391,False,UDYAM-UP-98-8339499,112.43,24855688MLMQAM2887,29.8,Eesha Solanki,53002143,"Plot 8, Hosur Industrial Estate, Hosur - 002961",False
BID_1322,Kakar-Bhardwaj LLP,admin@kakarbhardwaj.biz.in,XXXX XXXX 2983,ZAJCY5138O,09ZAJCY5138O8ZQ,U07212TN2019GNJ176713,True,UDYAM-UP-74-2124794,39.69,24718058WTMDPZ6537,51.5,Lipika Bakshi,09437244,"Plot 114, Patparganj Industrial Area, New Delhi - 203704",False
BID_1323,"Thakkar, Mukhopadhyay and Bal Limited",procurement@thakkarmukhopadhyayandbal.co.in,XXXX XXXX 5642,JVQCY5128Y,29JVQCY5128Y5Z6,L75351UP2008WAC934720,False,UDYAM-KA-12-4879338,36.60,24127155ZTXKRU2999,82.8,Dalbir Bawa,94005992,"Plot 30, Taloja MIDC, Navi Mumbai - 766433",True
BID_1324,Garg-Loyal Limited,gem.desk@gargloyal.in,XXXX XXXX 4168,KUICM9447L,07KUICM9447L1ZO,L18619TN2006ZLO609145,True,UDYAM-DL-03-6546227,22.74,24799669RYFQCF1499,30.5,Gauri Dhar,86952253,"Plot 49, MIDC Industrial Area, Pune - 322234",False
BID_1325,"Ram, Batta and Vasa LLP",info@rambattaandvasa.biz.in,XXXX XXXX 4408,BPACU3662E,24BPACU3662E1Z9,U92097UP2004XWX871811,True,UDYAM-GJ-81-7147756,13.33,24248084OKNKOU3808,45.5,Ikshita Tiwari,38399926,"Plot 111, Naroda Industrial Estate, Ahmedabad - 862850",False
BID_1326,Oza-Rastogi LLP,bids@ozarastogi.co.in,XXXX XXXX 1438,JRSCT8796R,27JRSCT8796R3Z9,L97200TN2012GBO287040,False,UDYAM-MH-56-6774358,136.37,24112286QQHVDQ6900,57.1,Nakul Soman,50409744,"Plot 233, Naroda Industrial Estate, Ahmedabad - 240555",False
BID_1327,"Singhal, Swaminathan and Puri Limited",gem.desk@singhalswaminathanandpuri.biz.in,XXXX XXXX 8466,CQJCW6703S,24CQJCW6703S9Z3,L96565UP2007EMX510262,False,UDYAM-GJ-20-7553451,201.76,24825371NTSXYM4400,87.9,Jagdish Jain,83793793,"Plot 190, Okhla Industrial Estate, New Delhi - 305837",False
BID_1328,Sampath-Behl LLP,procurement@sampathbehl.co.in,XXXX XXXX 8347,YVGCQ1374U,09YVGCQ1374U5ZI,L85133UP2000GAE718136,True,UDYAM-UP-54-6010539,5.17,24130590PMNYCE0038,94.7,Aarini Manne,77092768,"Plot 106, Whitefield Industrial Zone, Bengaluru - 760725",False
BID_1329,Raj-Sama Limited,admin@rajsama.co.in,XXXX XXXX 3353,UDOCU7242U,29UDOCU7242U8Z5,U85991MH2017QJA137722,True,UDYAM-KA-16-9402512,15.45,24625103RWXAHJ4364,46.3,Darsh Ravi,36893942,"Plot 225, Peenya Industrial Area, Bengaluru - 857593",False
BID_1330,"Hegde, Bail and Tella Pvt Ltd",sales@hegdebailandtella.biz.in,XXXX XXXX 4407,JQJCG8382Z,27JQJCG8382Z1ZU,U36699DL2007CYW572982,False,UDYAM-MH-16-6558812,236.92,24378434RWSSFI9002,41.7,Pratyush Sagar,99078445,"Plot 126, Hosur Industrial Estate, Hosur - 723399",False
BID_1331,Halder-Venkatesh Limited,procurement@haldervenkatesh.biz.in,XXXX XXXX 9143,QLQCU7398J,29QLQCU7398J9ZZ,L14586UP2022ZRP272327,False,UDYAM-KA-33-4966557,197.17,24205392MOISRT0320,82.1,Gopal Maharaj,12657920,"Plot 101, Ambattur Industrial Estate, Chennai - 948131",False
BID_1332,Nagi-Gala Pvt Ltd,gem.desk@nagigala.com,XXXX XXXX 1927,XCVCP4493G,33XCVCP4493G7Z8,U73750DL2020QPQ778690,False,UDYAM-TN-52-3875231,97.48,24250505YXEULQ8208,30.9,Rayaan Arya,31558763,"Plot 189, Noida Sector 63 Industrial Area, Noida - 489409",False
BID_1333,Radhakrishnan-Sidhu LLP,info@radhakrishnansidhu.in,XXXX XXXX 7453,LUECK0458M,24LUECK0458M8ZT,U32788DL2023TVS935894,False,UDYAM-GJ-05-7603294,181.20,24658438ATJGRE4838,71.6,Kala Kothari,41775996,"Plot 35, Naroda Industrial Estate, Ahmedabad - 831346",True
BID_1334,Kakar-Setty Pvt Ltd,gem.desk@kakarsetty.biz.in,XXXX XXXX 8953,JBLCM9924M,29JBLCM9924M3Z0,U82763UP2009SGY498938,True,UDYAM-KA-50-4371047,33.57,24619387XVHWVL7042,32.2,Veda Bali,33760465,"Plot 59, Ambattur Industrial Estate, Chennai - 901904",False
BID_1335,Bal-Bhalla LLP,sales@balbhalla.com,XXXX XXXX 9599,GSVCH6999P,07GSVCH6999P3Z7,L62962UP2007LBA612184,False,UDYAM-DL-13-4193645,142.96,24891281MJUKQW1996,64.2,William Guha,37018742,"Plot 229, Peenya Industrial Area, Bengaluru - 015964",False
BID_1336,Lad PLC LLP,sales@ladplc.biz.in,XXXX XXXX 0518,MVCCW3882Z,29MVCCW3882Z6ZP,L01205KA2004YKE622301,True,UDYAM-KA-01-9042380,21.88,24385852UGPJZE5182,49.2,Aarush Lal,79152051,"Plot 159, Naroda Industrial Estate, Ahmedabad - 963013",False
BID_1337,Nair LLP,bids@nair.com,XXXX XXXX 8981,FDQCY5386G,24FDQCY5386G3Z0,L76117KA2017LDE548930,False,UDYAM-GJ-51-3262007,106.35,24516097QEQXDC4284,23.9,Atharv Sane,00380650,"Plot 124, Ambattur Industrial Estate, Chennai - 521706",False
BID_1338,"Arya, Kamdar and Dora LLP",gem.desk@aryakamdaranddora.in,XXXX XXXX 5403,LBDCB4176Z,33LBDCB4176Z2ZB,U32592MH2000JFM039874,False,UDYAM-TN-91-2289394,17.15,24086465GAHGNX8278,85.9,Chaaya Karnik,06518858,"Plot 107, Noida Sector 63 Industrial Area, Noida - 889677",False
BID_1339,Banik LLP,info@banik.com,XXXX XXXX 6106,XDSCB3580G,07XDSCB3580G7ZX,U81023UP2011KIT731537,False,UDYAM-DL-66-7525640,63.80,24084377XLNFBC5939,49.4,Krishna Bhavsar,93366341,"Plot 35, Ambattur Industrial Estate, Chennai - 625573",False
BID_1340,Iyengar Limited,procurement@iyengar.in,XXXX XXXX 6668,KIOCZ2914S,27KIOCZ2914S5ZD,U45408DL2014QCF632165,False,UDYAM-MH-47-7641706,132.11,24635384GHNVAK9171,35.2,Dominic Oza,05520624,"Plot 171, Patparganj Industrial Area, New Delhi - 347246",False
BID_1341,Das-Vora Pvt Ltd,bids@dasvora.com,XXXX XXXX 5694,WRYCZ6200Z,27WRYCZ6200Z7ZW,L35189KA2002BJZ488272,False,UDYAM-MH-47-1988927,175.25,24557277ITGBOH4029,48.9,Dipta Dash,96891567,"Plot 155, Taloja MIDC, Navi Mumbai - 223698",False
BID_1342,"Joshi, Kapur and Salvi Pvt Ltd",info@joshikapurandsalvi.in,XXXX XXXX 4864,LOQCX5687D,24LOQCX5687D5Z6,L59823KA2009ENK348438,False,UDYAM-GJ-18-0859411,238.17,24068218BAGIQA6045,40.0,Bhavya Mander,67489891,"Plot 222, Guindy Industrial Estate, Chennai - 695612",True
BID_1343,Bahri-Sankar Limited,sales@bahrisankar.co.in,XXXX XXXX 1854,OWWCC0529W,24OWWCC0529W6ZI,U21786KA2000DHQ334882,False,UDYAM-GJ-51-6593679,162.40,24981701WOHBLZ4958,40.6,Dalaja Kashyap,21166833,"Plot 90, Guindy Industrial Estate, Chennai - 989085",False
BID_1344,Nigam-Pathak Limited,gem.desk@nigampathak.com,XXXX XXXX 9693,GYRCB5796O,24GYRCB5796O8ZI,U60171TN2020YRG709145,False,UDYAM-GJ-07-0030146,31.76,24784561SHASKB6771,85.0,Yash Chatterjee,28222269,"Plot 147, Baddi Industrial Area, Himachal Pradesh - 998266",False
BID_1345,Sidhu-Kara Pvt Ltd,sales@sidhukara.biz.in,XXXX XXXX 9883,PEZCN0273J,27PEZCN0273J1ZQ,L80737MH2008TTU211048,False,UDYAM-MH-44-9638483,41.10,24155961QXIZDP4596,84.1,Aashi Sethi,16531785,"Plot 93, Noida Sector 63 Industrial Area, Noida - 068358",False
BID_1346,Yohannan-Deshpande Pvt Ltd,info@yohannandeshpande.in,XXXX XXXX 8975,GJOCZ4257O,29GJOCZ4257O1ZE,L93385UP2000MDZ828873,False,UDYAM-KA-38-9415639,134.97,24091330FEPIKD2294,25.7,Theodore Prabhakar,29694022,"Plot 214, Taloja MIDC, Navi Mumbai - 772969",False
BID_1347,Singh-Thakkar LLP,admin@singhthakkar.biz.in,XXXX XXXX 9859,AYKCM3824T,24AYKCM3824T2ZG,L12369KA2002HTE884377,False,UDYAM-GJ-11-8350127,177.78,24836441BOYWHK7094,63.8,Nachiket Ramaswamy,13778701,"Plot 235, Noida Sector 63 Industrial Area, Noida - 733753",False
BID_1348,"Puri, Madan and Sule Pvt Ltd",admin@purimadanandsule.in,XXXX XXXX 9286,AXICN0017W,29AXICN0017W7Z1,L40012GJ2003NKX714040,True,UDYAM-KA-55-6167214,23.92,24255691BMUKGT6739,22.2,Brinda Banerjee,70416549,"Plot 243, Sanand GIDC Industrial Area, Ahmedabad - 118311",False
BID_1349,"Natarajan, Prashad and Bahri Pvt Ltd",gem.desk@natarajanprashadandbahri.com,XXXX XXXX 3899,SMXCY4342K,33SMXCY4342K2ZE,L85840GJ2023HJD993800,False,UDYAM-TN-61-5303460,215.96,24727658QGBXZH0180,41.2,Reyansh Dugal,01019912,"Plot 19, MIDC Industrial Area, Pune - 463069",False
BID_1350,"Kakar, Kalita and Gole Pvt Ltd",admin@kakarkalitaandgole.biz.in,XXXX XXXX 4248,QVNCS9493P,29QVNCS9493P4ZM,U42571DL2008FOA194395,False,UDYAM-KA-52-0840631,88.38,24858029YBRUYO9113,51.6,Chanchal Zacharia,36357890,"Plot 8, Baddi Industrial Area, Himachal Pradesh - 134548",False
BID_1351,Gandhi-Ramanathan Pvt Ltd,info@gandhiramanathan.co.in,XXXX XXXX 4834,KWGCD4472S,33KWGCD4472S2ZW,U80237KA2003TNP809898,True,UDYAM-TN-83-7674630,17.90,24868028ORTUBF9997,26.6,Pushti Borah,18927964,"Plot 45, Naroda Industrial Estate, Ahmedabad - 741725",False
BID_1352,Mahajan-Sundaram Pvt Ltd,bids@mahajansundaram.in,XXXX XXXX 2186,BQZCT2007U,33BQZCT2007U5ZI,U64918KA2003UAK263520,True,UDYAM-TN-24-5865740,32.60,24796853YKDUWF2222,59.3,Jhalak Karnik,17371863,"Plot 169, Okhla Industrial Estate, New Delhi - 745300",False
BID_1353,Banerjee PLC LLP,sales@banerjeeplc.com,XXXX XXXX 8470,CSHCC6077I,07CSHCC6077I8Z2,L25053TN2008WGY975991,True,UDYAM-DL-45-3403820,29.89,24918304IXMHLX9001,46.5,Ethan Tailor,66484129,"Plot 102, Rudrapur Industrial Estate, Uttarakhand - 373039",False
BID_1354,"Suri, Kala and Chokshi LLP",admin@surikalaandchokshi.com,XXXX XXXX 4985,GUXCQ4102A,29GUXCQ4102A3Z6,L99984MH2000URR850127,False,UDYAM-KA-28-2426695,151.34,24841698IQHWPK6788,63.7,Yashodhara Sengupta,52102728,"Plot 69, Okhla Industrial Estate, New Delhi - 504589",False
BID_1355,Sundaram PLC Limited,contact@sundaramplc.co.in,XXXX XXXX 8208,OHPCO7855V,24OHPCO7855V3ZO,L68979MH2021HFH318461,True,UDYAM-GJ-62-9167960,14.30,24740290JSDXTF0511,26.3,Indali Rastogi,40344574,"Plot 200, Naroda Industrial Estate, Ahmedabad - 553418",False
BID_1356,Kar Limited,procurement@kar.co.in,XXXX XXXX 0691,SRMCI2239Z,33SRMCI2239Z5ZA,U16152UP2018WIS263177,True,UDYAM-TN-86-2289223,39.48,24328629USNTWZ6701,30.5,Ubika Bobal,25267429,"Plot 48, Noida Sector 63 Industrial Area, Noida - 069662",False
BID_1357,Kunda PLC Limited,gem.desk@kundaplc.co.in,XXXX XXXX 4712,BOICF2679X,07BOICF2679X9ZE,U89042MH2014SBQ465662,False,UDYAM-DL-01-4965773,201.13,24232991QWTAHD6640,57.2,Sathvik Vora,73874075,"Plot 63, Guindy Industrial Estate, Chennai - 853507",False
BID_1358,Issac PLC Pvt Ltd,procurement@issacplc.co.in,XXXX XXXX 4735,TIOCD2823Q,07TIOCD2823Q1Z2,U41467GJ2016YHG461141,False,UDYAM-DL-65-1578457,249.19,24768341UMMGUJ6495,25.2,Charan Chacko,06891934,"Plot 177, Manesar Industrial Area, Gurugram - 281550",False
BID_1359,"Grover, Kata and Bassi Pvt Ltd",admin@groverkataandbassi.in,XXXX XXXX 3770,XAMCB6425M,27XAMCB6425M5ZS,U10205MH2000LQI362200,False,UDYAM-MH-49-5567557,26.63,24735347YBEMIB5728,77.1,Advay Ghosh,10276981,"Plot 249, Baddi Industrial Area, Himachal Pradesh - 091156",False
BID_1360,"Choudhury, Wadhwa and Din Pvt Ltd",contact@choudhurywadhwaanddin.com,XXXX XXXX 4861,OKQCA1679I,33OKQCA1679I3ZN,L00812GJ2000BBR010127,True,UDYAM-TN-72-9632195,29.04,24504394QHGBGG9832,28.0,Gunbir Ratta,38215030,"Plot 31, Naroda Industrial Estate, Ahmedabad - 314059",False
BID_1361,"Chandran, Muni and Rajagopalan Limited",contact@chandranmuniandrajagopalan.com,XXXX XXXX 6322,RCLCJ3742Q,07RCLCJ3742Q6ZN,U99387DL2005VLD000245,False,UDYAM-DL-97-6025983,80.36,24230894JQDHUR7385,78.3,Ojas Dubey,30103699,"Plot 152, Sanand GIDC Industrial Area, Ahmedabad - 158294",False
BID_1362,Rajagopalan Pvt Ltd,info@rajagopalan.in,XXXX XXXX 3194,WPNCB0038I,33WPNCB0038I7ZJ,U98848DL2022KDY153551,False,UDYAM-TN-56-3817724,205.91,24358801KURVJK2932,40.1,Amaira Mishra,12614894,"Plot 66, Patparganj Industrial Area, New Delhi - 303661",False
BID_1363,Kara-Nath Limited,gem.desk@karanath.biz.in,XXXX XXXX 4323,AYPCS8176I,09AYPCS8176I9Z5,U14067GJ1995MEM629265,True,UDYAM-UP-76-5615187,11.62,24680478GMEGVN9008,93.2,Samar Sur,35170849,"Plot 175, Noida Sector 63 Industrial Area, Noida - 744145",True
BID_1364,"Dutt, Sani and Jhaveri LLP",procurement@duttsaniandjhaveri.biz.in,XXXX XXXX 9719,LXKCV0217M,29LXKCV0217M1ZH,L90239UP1996WEU816943,True,UDYAM-KA-06-2571872,29.83,24687294YKKRWB4936,56.8,Jai Deep,42276717,"Plot 52, Noida Sector 63 Industrial Area, Noida - 604726",True
BID_1365,Venkatesh-Naik LLP,procurement@venkateshnaik.biz.in,XXXX XXXX 7316,XXTCX5487C,33XXTCX5487C7ZJ,L75452MH2006VPQ109276,True,UDYAM-TN-86-0091488,0.56,24521105QRKQUZ8913,55.9,Christopher Chakrabarti,41082468,"Plot 94, Hosur Industrial Estate, Hosur - 212966",False
BID_1366,Pal-Wason Pvt Ltd,contact@palwason.co.in,XXXX XXXX 0869,ULSCC9547C,29ULSCC9547C2ZR,U06729UP2022NFW653579,False,UDYAM-KA-55-1725613,155.89,24062127MRPWVH7204,22.7,Qabil Virk,57075949,"Plot 7, Sanand GIDC Industrial Area, Ahmedabad - 273605",False
BID_1367,Sarin-Lalla Limited,bids@sarinlalla.in,XXXX XXXX 6264,JYKCR5516C,24JYKCR5516C5ZE,U08045TN2018GPC491704,False,UDYAM-GJ-75-9966431,59.20,24181775HHKPYA2556,56.3,Harinakshi Natt,82368581,"Plot 139, Peenya Industrial Area, Bengaluru - 006586",False
BID_1368,Ratta Pvt Ltd,info@ratta.co.in,XXXX XXXX 6324,YZECK1434L,09YZECK1434L7ZO,L00685UP2001TSN907396,False,UDYAM-UP-80-3401763,224.61,24917033SIRSUK6458,67.2,Teerth Sidhu,02049609,"Plot 184, Sanand GIDC Industrial Area, Ahmedabad - 933805",False
BID_1369,"Narasimhan, Tandon and Ravel Pvt Ltd",contact@narasimhantandonandravel.com,XXXX XXXX 3350,WENCP5324D,29WENCP5324D2ZP,L31604DL1996WCM551437,False,UDYAM-KA-86-2492703,201.29,24946710TNGZPK4141,58.0,Geetika Jain,97487485,"Plot 241, Whitefield Industrial Zone, Bengaluru - 155518",False
BID_1370,Kapur LLP,info@kapur.com,XXXX XXXX 3669,JWTCA2599L,33JWTCA2599L5ZU,U28415GJ1999QVU555718,False,UDYAM-TN-87-4954821,179.06,24533264MDFIXU4888,86.3,Ekalinga Varkey,15091699,"Plot 228, Whitefield Industrial Zone, Bengaluru - 108606",False
BID_1371,Morar-Sandhu Pvt Ltd,contact@morarsandhu.in,XXXX XXXX 3065,UTJCG5138C,27UTJCG5138C3ZF,L31752UP2001XUV897737,False,UDYAM-MH-92-0783719,34.38,24481857FNFJNY4265,47.3,Advik Dash,87449559,"Plot 228, Patparganj Industrial Area, New Delhi - 263393",False
BID_1372,Saini LLP,bids@saini.in,XXXX XXXX 2846,MLCCL9184I,33MLCCL9184I6Z5,L85500GJ1995HJB216180,False,UDYAM-TN-43-4785246,233.01,24424100MHYGPD4716,74.8,Yash Nazareth,47958362,"Plot 111, Whitefield Industrial Zone, Bengaluru - 733093",False
BID_1373,"Manda, Bhagat and Sundaram Limited",info@mandabhagatandsundaram.co.in,XXXX XXXX 6889,FGYCH3645A,29FGYCH3645A2ZQ,L66073MH2021ATG299479,False,UDYAM-KA-84-6714198,146.13,24223942DSNOHI1765,58.7,Upkaar Ganesh,30209273,"Plot 105, Taloja MIDC, Navi Mumbai - 461129",False
BID_1374,Brahmbhatt LLP,admin@brahmbhatt.com,XXXX XXXX 2143,ZUGCT6902Y,07ZUGCT6902Y9Z0,L81512GJ2012MJW723471,False,UDYAM-DL-46-9355450,66.70,24591826VAHUYR0047,34.8,Faris Bahl,99921250,"Plot 9, Baddi Industrial Area, Himachal Pradesh - 806889",False
BID_1375,Sidhu-Sharma Limited,sales@sidhusharma.com,XXXX XXXX 8970,KBICY9891Y,27KBICY9891Y6ZW,U24472MH2014QXD536020,True,UDYAM-MH-06-3521074,34.41,24196125CWFEXA6731,43.3,Neha Dutt,83514579,"Plot 26, Okhla Industrial Estate, New Delhi - 939262",False
BID_1376,"Gulati, Koshy and Soman Pvt Ltd",gem.desk@gulatikoshyandsoman.in,XXXX XXXX 7280,IAICD5986M,09IAICD5986M9Z3,L44298TN2021TKA776660,False,UDYAM-UP-91-6041462,213.43,24167179KUCYAC7417,38.2,Aadhya Narayanan,27546353,"Plot 182, Okhla Industrial Estate, New Delhi - 086042",False
BID_1377,"Natt, Dhillon and Wable Pvt Ltd",sales@nattdhillonandwable.co.in,XXXX XXXX 5068,RZLCL7191Q,33RZLCL7191Q5Z2,L00057GJ2000KAR473715,True,UDYAM-TN-75-9354059,33.34,24650515NGCZCD4789,91.4,Thomas Bansal,65406963,"Plot 57, Guindy Industrial Estate, Chennai - 310849",False
BID_1378,"Rout, Batra and Karan Limited",sales@routbatraandkaran.biz.in,XXXX XXXX 2692,VHBCF4870P,07VHBCF4870P7ZX,L01726GJ2019AIE067236,False,UDYAM-DL-75-2933537,10.06,24634103MWNQXY3729,73.0,Chakradhar Sant,81278916,"Plot 81, MIDC Industrial Area, Pune - 676713",False
BID_1379,"Pradhan, Lall and Magar Pvt Ltd",admin@pradhanlallandmagar.co.in,XXXX XXXX 6022,GLTCI6317S,24GLTCI6317S3Z3,U71538TN2011RKD427973,True,UDYAM-GJ-06-6041893,17.46,24771289AVQRIJ7656,76.8,Vincent Saxena,47703913,"Plot 192, Rudrapur Industrial Estate, Uttarakhand - 223066",False
BID_1380,"Srinivasan, Viswanathan and Dubey Pvt Ltd",admin@srinivasanviswanathananddubey.com,XXXX XXXX 5990,IBHCF4991P,24IBHCF4991P5ZW,U77666TN2008DSN900168,False,UDYAM-GJ-76-7879584,15.49,24046840KFPIJS6330,63.7,Arjun Borra,92182074,"Plot 19, MIDC Industrial Area, Pune - 641734",False
BID_1381,"Thaman, Mahal and Parsa Pvt Ltd",info@thamanmahalandparsa.in,XXXX XXXX 2433,OYNCN3507L,33OYNCN3507L5ZB,U69579TN1996SAD409037,False,UDYAM-TN-16-1566661,164.79,24412258QCSUIN8252,66.2,Andrew Chandra,56122468,"Plot 167, Peenya Industrial Area, Bengaluru - 577792",False
BID_1382,Tak Pvt Ltd,sales@tak.com,XXXX XXXX 3217,ARGCJ4650E,09ARGCJ4650E3ZK,U91772TN2011FMS492679,False,UDYAM-UP-26-5282850,66.16,24748148GYYIHQ4607,38.5,Ishani Naidu,14504962,"Plot 120, Naroda Industrial Estate, Ahmedabad - 706583",False
BID_1383,"Mandal, Maharaj and Thaker LLP",sales@mandalmaharajandthaker.in,XXXX XXXX 6948,YLKCH1361U,27YLKCH1361U8ZC,L43842DL2008HCN933335,True,UDYAM-MH-17-9632377,2.34,24786846PPEIBZ5685,69.1,Sneha Jani,39274681,"Plot 143, Ambattur Industrial Estate, Chennai - 480362",False
BID_1384,"Amble, Agate and Bhandari LLP",procurement@ambleagateandbhandari.in,XXXX XXXX 3735,QFRCK6457B,07QFRCK6457B2ZO,U56957TN2018BUG600018,True,UDYAM-DL-85-8123400,4.68,24788634XJQVSR3962,42.6,Hamsini Bajwa,03668887,"Plot 69, Patparganj Industrial Area, New Delhi - 537142",False
BID_1385,Issac Limited,admin@issac.in,XXXX XXXX 1191,YZGCY0847H,27YZGCY0847H1Z4,L29425KA2010HBX038140,True,UDYAM-MH-71-2662017,30.30,24928758BGPMHA5025,73.2,Abhiram Majumdar,01237481,"Plot 33, Hosur Industrial Estate, Hosur - 714732",False
BID_1386,Bhakta-Saran Limited,gem.desk@bhaktasaran.com,XXXX XXXX 6823,BEXCG4093H,27BEXCG4093H8Z8,U46330KA2001UDG364040,True,UDYAM-MH-22-8916149,1.53,24015428PZSFGP1955,58.9,Ekalinga Mannan,36899530,"Plot 52, Patparganj Industrial Area, New Delhi - 712523",False
BID_1387,Ranganathan-Sahni Limited,info@ranganathansahni.co.in,XXXX XXXX 5662,JAGCI8504F,27JAGCI8504F1ZB,L64254UP1996MAK080723,True,UDYAM-MH-61-4459880,21.15,24116871ZNRCRA6241,94.5,Vidhi Tandon,38804057,"Plot 149, Whitefield Industrial Zone, Bengaluru - 297286",False
BID_1388,Sengupta-Dash Limited,gem.desk@senguptadash.com,XXXX XXXX 1440,YICCE4694P,24YICCE4694P1ZX,L58971DL1997BPK946111,False,UDYAM-GJ-39-7226469,64.66,24395345KEXYSU8038,21.5,Nilima Mann,78409875,"Plot 203, Peenya Industrial Area, Bengaluru - 547485",False
BID_1389,"Chatterjee, Nori and Sur LLP",bids@chatterjeenoriandsur.biz.in,XXXX XXXX 3510,PTDCO3705H,33PTDCO3705H5Z2,L10368KA2004JFG388833,False,UDYAM-TN-66-8331685,70.85,24263900VRIGRX4669,42.3,Jagrati Butala,77482452,"Plot 60, Manesar Industrial Area, Gurugram - 207483",False
BID_1390,Mann-Nagar Limited,info@mannnagar.com,XXXX XXXX 3770,RZECU2750V,27RZECU2750V8ZC,U87342TN1995QIM492739,False,UDYAM-MH-33-1730835,105.92,24491216PBLIYJ4172,52.0,Azaan Patla,35682250,"Plot 214, Taloja MIDC, Navi Mumbai - 850742",False
BID_1391,Warrior LLP,info@warrior.biz.in,XXXX XXXX 0507,MUACE9468E,27MUACE9468E1Z2,U23622GJ1998KBA971651,False,UDYAM-MH-19-9845681,149.85,24280177MPTVQQ1628,53.0,Yashawini Narula,14811505,"Plot 112, Ambattur Industrial Estate, Chennai - 839112",False
BID_1392,Sahni-Singhal Limited,procurement@sahnisinghal.in,XXXX XXXX 2916,VQUCB3241U,33VQUCB3241U2Z5,U34736TN2017XHJ830011,False,UDYAM-TN-67-2528046,139.51,24788323SSNSHH0074,62.6,Dalaja Mallick,20883284,"Plot 16, Baddi Industrial Area, Himachal Pradesh - 952909",False
BID_1393,Manne-Bhagat Limited,gem.desk@mannebhagat.in,XXXX XXXX 7317,ULUCX0273A,09ULUCX0273A7ZP,L87468UP2022BJR969522,True,UDYAM-UP-87-7129452,14.00,24335686UOUOJB8874,67.3,Zayyan Sagar,62651451,"Plot 201, Okhla Industrial Estate, New Delhi - 328673",False
BID_1394,"Memon, Bhalla and Sen LLP",gem.desk@memonbhallaandsen.in,XXXX XXXX 3722,NBKCQ8912J,09NBKCQ8912J9ZZ,U11672MH2001ZVY727194,True,UDYAM-UP-43-1022483,3.70,24066566IFKUHJ0870,51.5,Kashish Subramanian,28192109,"Plot 36, Baddi Industrial Area, Himachal Pradesh - 634217",False
BID_1395,Krishnamurthy Limited,admin@krishnamurthy.co.in,XXXX XXXX 7153,AWTCR2214U,29AWTCR2214U2ZP,U92976DL2013WZZ790208,False,UDYAM-KA-55-2359795,138.18,24176666TNHFNQ4544,42.0,Warhi Bhatti,33027564,"Plot 206, Naroda Industrial Estate, Ahmedabad - 760757",False
BID_1396,"Chander, Lad and Dasgupta Limited",bids@chanderladanddasgupta.co.in,XXXX XXXX 3447,CFQCN7581Y,24CFQCN7581Y8ZZ,L74353DL2006OSY478787,False,UDYAM-GJ-28-0240794,164.94,24895698MJPYGL6227,74.8,Qushi Cheema,01591093,"Plot 89, Hosur Industrial Estate, Hosur - 900104",False
BID_1397,"Randhawa, Bora and Sarin LLP",procurement@randhawaboraandsarin.co.in,XXXX XXXX 3670,OXOCS4854R,27OXOCS4854R1ZZ,U12648GJ2014KSI581672,False,UDYAM-MH-10-8956740,173.38,24510173YRFNOO6631,71.0,Nathan Iyer,71237401,"Plot 209, Peenya Industrial Area, Bengaluru - 786036",False
BID_1398,Ahuja-Magar Pvt Ltd,bids@ahujamagar.com,XXXX XXXX 3458,XJVCC3721I,09XJVCC3721I8Z9,L98124TN2001HFX190576,True,UDYAM-UP-60-6308012,31.65,24843097GLOITA3502,21.3,Ikshita Wali,29049009,"Plot 35, Whitefield Industrial Zone, Bengaluru - 828642",False
BID_1399,"Deep, Pradhan and Ganesan Pvt Ltd",gem.desk@deeppradhanandganesan.in,XXXX XXXX 6927,CJJCA5765L,27CJJCA5765L8ZG,U28426KA2003SPB241705,False,UDYAM-MH-37-4611398,210.90,24063033QOTRWY1941,44.6,Sachi Dasgupta,07475540,"Plot 93, Sanand GIDC Industrial Area, Ahmedabad - 288832",False
BID_1400,Randhawa LLP,contact@randhawa.biz.in,XXXX XXXX 1084,BUACL0559H,24BUACL0559H4ZL,L93080UP2006YFR259214,False,UDYAM-GJ-35-8327548,223.67,24800438YMWMJI2675,42.4,Nandini Toor,36130780,"Plot 10, Baddi Industrial Area, Himachal Pradesh - 115942",False
BID_1401,"Dua, Butala and Narayanan Limited",info@duabutalaandnarayanan.biz.in,XXXX XXXX 6441,STYCG1461D,24STYCG1461D8ZK,L35325UP2020UBK953598,False,UDYAM-GJ-40-9355330,101.89,24394560VZJTYQ2556,50.6,Aarnav Roy,54155853,"Plot 79, Rudrapur Industrial Estate, Uttarakhand - 710346",False
BID_1402,Tak-Yogi LLP,admin@takyogi.biz.in,XXXX XXXX 3618,DKUCO0758V,07DKUCO0758V3ZZ,U95856TN2021WXO627698,False,UDYAM-DL-49-2604319,137.19,24498052YXQABE5534,41.5,Hemang Vohra,95155954,"Plot 113, Naroda Industrial Estate, Ahmedabad - 274419",False
BID_1403,"Dara, Behl and Bhatti Limited",sales@darabehlandbhatti.co.in,XXXX XXXX 2773,LUNCK4596W,07LUNCK4596W1ZL,U10682DL2006NPE317111,False,UDYAM-DL-56-6043252,39.66,24506672VPYKFP9136,43.5,Baljiwan Sampath,77368178,"Plot 9, Whitefield Industrial Zone, Bengaluru - 268962",False
BID_1404,"Deol, Soman and Khurana Pvt Ltd",bids@deolsomanandkhurana.com,XXXX XXXX 9511,SGYCK5139X,09SGYCK5139X5ZF,L52560KA1996DSY000046,False,UDYAM-UP-01-0534333,101.21,24878986QWVXFW0187,82.7,Deepa Bera,52743629,"Plot 157, Rudrapur Industrial Estate, Uttarakhand - 517056",False
BID_1405,Misra-Sarma Pvt Ltd,bids@misrasarma.biz.in,XXXX XXXX 4282,HWBCH8969H,09HWBCH8969H6ZE,L42218MH2022ZYF291667,False,UDYAM-UP-67-8070039,83.76,24919839JLBPPB8037,81.2,Aashi Rana,45830763,"Plot 148, Noida Sector 63 Industrial Area, Noida - 106175",False
BID_1406,Pant Pvt Ltd,contact@pant.co.in,XXXX XXXX 6638,YELCS3366R,27YELCS3366R2Z9,L50541KA2022BYI636798,True,UDYAM-MH-05-8119987,31.01,24691556DTTBUG7355,35.8,Anita Baral,39139086,"Plot 51, Ambattur Industrial Estate, Chennai - 386856",False
BID_1407,Datta-Rege LLP,contact@dattarege.co.in,XXXX XXXX 0511,BYLCG8133B,33BYLCG8133B6ZV,U03910GJ2022WLV339369,False,UDYAM-TN-53-4791157,150.47,24456553VBILOV4641,66.8,Warhi Sule,22702600,"Plot 190, Ambattur Industrial Estate, Chennai - 595059",False
BID_1408,Aurora Limited,contact@aurora.biz.in,XXXX XXXX 4904,NIECR5315Y,09NIECR5315Y6ZE,U30895MH2013RZB149762,False,UDYAM-UP-67-7638311,107.98,24128130MUCZFB4487,79.3,Rohan Raghavan,07113914,"Plot 139, Rudrapur Industrial Estate, Uttarakhand - 580770",False
BID_1409,"Rege, Pathak and Bandi Limited",contact@regepathakandbandi.co.in,XXXX XXXX 8142,SEBCF7275L,33SEBCF7275L9Z2,L70076GJ2013DSZ645723,False,UDYAM-TN-34-6407402,200.67,24763762UQOUQT4858,42.6,Elijah Parmar,64147795,"Plot 123, Noida Sector 63 Industrial Area, Noida - 921804",False
BID_1410,"Bera, Kohli and Sahni LLP",sales@berakohliandsahni.com,XXXX XXXX 3039,NPCCK0514X,27NPCCK0514X1ZM,U41780TN1996DAA162596,False,UDYAM-MH-88-8357488,239.43,24273896BJNCST8153,67.3,Yauvani Munshi,63430994,"Plot 74, Whitefield Industrial Zone, Bengaluru - 969212",False
BID_1411,Sodhi-Thaker Limited,admin@sodhithaker.in,XXXX XXXX 5906,MNQCB3052L,24MNQCB3052L2ZM,U57996MH1997NIV448004,False,UDYAM-GJ-96-8653292,169.63,24701277UXFJVL0317,30.9,Teerth Kunda,71406720,"Plot 8, Guindy Industrial Estate, Chennai - 196352",False
BID_1412,Pai LLP,admin@pai.in,XXXX XXXX 0333,QEUCS3175D,33QEUCS3175D5ZF,L99246MH2021DZR847214,False,UDYAM-TN-23-5342200,82.27,24362902YXZPRX7804,83.6,Aarnav Choudhury,53719005,"Plot 70, Okhla Industrial Estate, New Delhi - 396436",False
BID_1413,"Pandit, Jhaveri and Bhatt Pvt Ltd",bids@panditjhaveriandbhatt.biz.in,XXXX XXXX 0622,SLRCV3662W,24SLRCV3662W7Z1,U60195TN2004WEO488526,True,UDYAM-GJ-45-8984195,38.95,24855467AQZZPT6880,82.4,Neelima Gera,50720719,"Plot 202, Noida Sector 63 Industrial Area, Noida - 767395",False
BID_1414,"Raj, Grover and Raja Limited",sales@rajgroverandraja.in,XXXX XXXX 7006,GXHCQ4561T,07GXHCQ4561T3ZR,L27657KA1999ETN320570,False,UDYAM-DL-36-3376771,111.62,24637208QXRRQQ7721,89.8,Radhika Muni,95799469,"Plot 124, MIDC Industrial Area, Pune - 733671",False
BID_1415,Dua-Bail Pvt Ltd,gem.desk@duabail.co.in,XXXX XXXX 3244,EMQCL9216C,33EMQCL9216C4ZH,L57946MH2012NLM673055,True,UDYAM-TN-73-0372400,36.80,24265236NFBZLM6974,21.8,Advaith Sandal,30295601,"Plot 35, Manesar Industrial Area, Gurugram - 678109",False
BID_1416,"Virk, Hayre and Chakrabarti LLP",gem.desk@virkhayreandchakrabarti.com,XXXX XXXX 5297,AUUCC5092S,33AUUCC5092S9ZI,U75544DL2011EXI877176,False,UDYAM-TN-98-3551580,8.64,24061736JDGEOG1268,84.2,Amara Bahri,61713236,"Plot 54, Okhla Industrial Estate, New Delhi - 549464",False
BID_1417,"Pall, Wali and Patil Pvt Ltd",bids@pallwaliandpatil.in,XXXX XXXX 2137,AHTCZ9946Z,33AHTCZ9946Z2ZK,U34591TN2016KQP381556,False,UDYAM-TN-75-5260002,49.17,24256569JALGUL8553,66.7,Jeevika Brar,26786323,"Plot 75, Naroda Industrial Estate, Ahmedabad - 021646",False
BID_1418,"Gopal, Parikh and Aurora Limited",contact@gopalparikhandaurora.biz.in,XXXX XXXX 1950,BHNCL8451H,07BHNCL8451H2ZA,U51396DL2023VCX017675,False,UDYAM-DL-79-3092129,42.76,24640649JUEECN0165,71.8,Aishani Venkataraman,70801187,"Plot 168, Manesar Industrial Area, Gurugram - 321012",False
BID_1419,"Ram, Palan and Palan LLP",gem.desk@rampalanandpalan.co.in,XXXX XXXX 7314,IXICJ8692T,29IXICJ8692T8Z7,L57242UP2002RPR547805,True,UDYAM-KA-21-4463484,12.77,24450625SHRREZ8961,69.7,Lopa Ram,61371692,"Plot 122, Guindy Industrial Estate, Chennai - 564393",False
BID_1420,Bora LLP,sales@bora.co.in,XXXX XXXX 8647,LUYCH3078W,24LUYCH3078W3ZT,U58142TN1996LRM251758,False,UDYAM-GJ-34-9385033,221.64,24656002ZXZCTM3923,20.6,Baljiwan Om,94925586,"Plot 77, Noida Sector 63 Industrial Area, Noida - 827485",False
BID_1421,Manne-Lad Limited,procurement@mannelad.biz.in,XXXX XXXX 1165,TRHCY2535M,09TRHCY2535M3Z8,U37214UP2023LVD280280,False,UDYAM-UP-61-0770807,124.63,24265911ZPCGKC5235,75.6,Oni Dyal,94268454,"Plot 143, Noida Sector 63 Industrial Area, Noida - 881616",False
BID_1422,Grewal-Bath Limited,contact@grewalbath.co.in,XXXX XXXX 1665,OTUCU3468I,33OTUCU3468I3Z5,L70030UP2019XZO733477,True,UDYAM-TN-87-6565448,23.55,24404165TZMDVY4352,40.4,Vrinda Garg,81705295,"Plot 143, Rudrapur Industrial Estate, Uttarakhand - 441881",False
BID_1423,Shanker PLC LLP,procurement@shankerplc.com,XXXX XXXX 4658,ZBTCQ8899R,09ZBTCQ8899R4Z9,U59230UP2020RYD741177,False,UDYAM-UP-40-4190047,64.15,24024720EFWBFQ0951,86.2,Balendra Balasubramanian,04454515,"Plot 58, Manesar Industrial Area, Gurugram - 622740",False
BID_1424,Sibal-Rout Pvt Ltd,procurement@sibalrout.co.in,XXXX XXXX 9520,WRFCK4001T,29WRFCK4001T3ZX,U30589UP2020YMA081709,False,UDYAM-KA-35-5293581,67.58,24153337OCEEZP1962,36.0,Sai Kannan,76569388,"Plot 90, Taloja MIDC, Navi Mumbai - 388321",False
BID_1425,Dara-Krishna LLP,admin@darakrishna.co.in,XXXX XXXX 5776,QPVCW2750I,33QPVCW2750I4ZL,U93966GJ2012SDD958399,True,UDYAM-TN-94-9959288,4.90,24449228CIGZNB2221,37.3,Umang Luthra,79360587,"Plot 120, Guindy Industrial Estate, Chennai - 614870",False
BID_1426,"Chaudhuri, Pandey and Mane Pvt Ltd",procurement@chaudhuripandeyandmane.co.in,XXXX XXXX 7131,HRRCT7694E,29HRRCT7694E7ZO,U39324GJ1999TRG930512,True,UDYAM-KA-96-4914404,11.03,24748379OIAIKP2763,79.6,Harinakshi Parikh,10858466,"Plot 69, Taloja MIDC, Navi Mumbai - 205310",False
BID_1427,Mani-Bahl Pvt Ltd,procurement@manibahl.in,XXXX XXXX 1698,QUVCY5494A,24QUVCY5494A2Z6,U47682UP2023PLG520034,True,UDYAM-GJ-21-3720562,27.00,24589101QOYDFD2241,32.1,Niharika Dugal,00209759,"Plot 25, Baddi Industrial Area, Himachal Pradesh - 044003",True
BID_1428,Mody-Goyal Pvt Ltd,gem.desk@modygoyal.co.in,XXXX XXXX 1834,OXYCQ6090A,29OXYCQ6090A2ZT,L43986MH2017ARJ022393,False,UDYAM-KA-92-6132319,33.05,24376633SNCKDH2873,87.4,Tanish Vaidya,81616652,"Plot 59, Guindy Industrial Estate, Chennai - 722113",False
BID_1429,Desai Pvt Ltd,info@desai.biz.in,XXXX XXXX 3681,ATHCE2217T,24ATHCE2217T8ZE,U86995DL2008ZQQ015533,True,UDYAM-GJ-07-9898462,29.91,24929176EAZOGR3214,37.8,Qadim Deep,61997922,"Plot 107, Ambattur Industrial Estate, Chennai - 394142",False
BID_1430,Choudhury-Mane Pvt Ltd,admin@choudhurymane.co.in,XXXX XXXX 0766,UTECA0426A,27UTECA0426A3Z3,L99654DL2007XMW285476,False,UDYAM-MH-82-7257073,164.64,24366222IVBXFJ2489,67.4,Oliver Venkatesh,25960999,"Plot 154, Guindy Industrial Estate, Chennai - 604956",False
BID_1431,Sahni-Atwal LLP,sales@sahniatwal.com,XXXX XXXX 9704,ENGCK3972N,07ENGCK3972N7Z7,L66370TN2003YMY525307,False,UDYAM-DL-27-1544283,9.49,24753342ARSLWG3553,39.8,Eesha Ganesan,75712167,"Plot 42, Okhla Industrial Estate, New Delhi - 851492",False
BID_1432,Sampath LLP,contact@sampath.biz.in,XXXX XXXX 1688,XUUCM8260Z,24XUUCM8260Z8ZG,L74943UP2008UDU097719,False,UDYAM-GJ-71-1052288,235.56,24702126HAYRCS1110,69.0,Dhruv Peri,38192727,"Plot 181, Whitefield Industrial Zone, Bengaluru - 771777",False
BID_1433,Datta PLC Pvt Ltd,admin@dattaplc.co.in,XXXX XXXX 7089,SDZCR8672E,24SDZCR8672E8ZW,L46477KA2005BZY149357,False,UDYAM-GJ-91-4837363,148.76,24133584ABZKSJ7681,82.9,Jack Mammen,96032281,"Plot 22, Baddi Industrial Area, Himachal Pradesh - 207857",False
BID_1434,"Sachar, Pillay and Devi Limited",procurement@sacharpillayanddevi.com,XXXX XXXX 0244,RHICF6277Z,29RHICF6277Z6Z9,L43908DL2003QRV653390,True,UDYAM-KA-25-4270355,11.11,24421841QFFKIU6118,29.8,Siddharth Walla,09619941,"Plot 3, Taloja MIDC, Navi Mumbai - 658620",False
BID_1435,Varty-Datta Limited,bids@vartydatta.com,XXXX XXXX 3245,RRWCG4626L,27RRWCG4626L1ZV,U45835DL1997FTX012007,True,UDYAM-MH-95-8060815,1.26,24937250BRNFJH1756,61.6,Janaki Badal,43814503,"Plot 147, Peenya Industrial Area, Bengaluru - 314209",True
BID_1436,Apte-Kunda Pvt Ltd,admin@aptekunda.com,XXXX XXXX 4525,ISQCC2254N,09ISQCC2254N9ZW,L34457UP2003FGN488958,True,UDYAM-UP-51-8647459,0.84,24376867UOOIFU1171,53.5,Wishi Baria,44129917,"Plot 85, MIDC Industrial Area, Pune - 810412",False
BID_1437,"Handa, Parekh and Char Limited",gem.desk@handaparekhandchar.com,XXXX XXXX 9503,XMVCJ9424D,09XMVCJ9424D3Z5,U25042MH2023IVN308119,False,UDYAM-UP-63-6272356,166.73,24886091KOXISA1272,28.1,Frederick Rout,90285414,"Plot 113, Rudrapur Industrial Estate, Uttarakhand - 058742",False
BID_1438,"Dara, Banik and Nath Limited",procurement@darabanikandnath.com,XXXX XXXX 4662,PADCX2291R,33PADCX2291R8ZQ,U11675GJ2024SOO703105,False,UDYAM-TN-80-5639009,137.90,24554780SASGNI2129,59.2,Yutika Palla,44181307,"Plot 39, Noida Sector 63 Industrial Area, Noida - 232864",False
BID_1439,Nanda-Biswas Limited,info@nandabiswas.com,XXXX XXXX 0179,AFLCV4518M,33AFLCV4518M3ZU,L06706UP2014QNW263732,False,UDYAM-TN-01-2465789,116.78,24711834VXLNRQ5110,75.9,Tarak Agate,75702197,"Plot 231, Peenya Industrial Area, Bengaluru - 874495",False
BID_1440,Shankar-Rattan Limited,bids@shankarrattan.co.in,XXXX XXXX 2766,AVLCY9146S,24AVLCY9146S5ZX,U68723MH2016LFW178712,True,UDYAM-GJ-82-1063423,36.35,24072290KPJSFH0823,80.5,Indira Dayal,11637014,"Plot 165, Baddi Industrial Area, Himachal Pradesh - 956806",False
BID_1441,Ahluwalia-Kata Pvt Ltd,bids@ahluwaliakata.in,XXXX XXXX 4895,HNACL5861W,29HNACL5861W5ZI,L99536DL2000XOI052245,False,UDYAM-KA-95-6234001,117.38,24576636UFHAQK4847,77.3,Ansh Mitter,60047005,"Plot 248, Rudrapur Industrial Estate, Uttarakhand - 781018",False
BID_1442,"Nagi, Parsa and Nagi Pvt Ltd",admin@nagiparsaandnagi.com,XXXX XXXX 1234,VMYCH6097J,29VMYCH6097J8ZA,L70586TN2012OHY566609,False,UDYAM-KA-72-3572425,10.53,24678644FQDHFU9909,42.6,Sudiksha Chanda,02341155,"Plot 144, Sanand GIDC Industrial Area, Ahmedabad - 821555",False
BID_1443,Hari Limited,admin@hari.in,XXXX XXXX 5822,EUKCL7880H,29EUKCL7880H6Z6,L98730UP2002CJJ593137,True,UDYAM-KA-38-2620366,11.41,24405227HCUYSF6835,26.8,Vasatika Patla,03908447,"Plot 248, Hosur Industrial Estate, Hosur - 502329",False
BID_1444,Mitter LLP,gem.desk@mitter.biz.in,XXXX XXXX 5748,QOWCW5942W,29QOWCW5942W1Z8,U27799KA1999YDF733937,True,UDYAM-KA-60-0414135,11.73,24082521ASPBER5974,90.6,Samarth Maharaj,77893130,"Plot 146, Guindy Industrial Estate, Chennai - 416381",False
BID_1445,Kothari-Sangha LLP,contact@kotharisangha.com,XXXX XXXX 2320,MHSCB4703Z,07MHSCB4703Z3ZM,L85240DL2007BVH357278,False,UDYAM-DL-29-6501033,30.18,24416485WZPWUO7853,80.9,Harshil Bhalla,24729636,"Plot 101, Taloja MIDC, Navi Mumbai - 755243",True
BID_1446,Narayan-Mishra Limited,info@narayanmishra.co.in,XXXX XXXX 7084,NLKCO4291E,07NLKCO4291E6ZS,U94623MH2005FNF377578,True,UDYAM-DL-17-6937776,18.62,24358487HPVOKQ6252,25.2,Isaiah Dass,58812407,"Plot 158, Sanand GIDC Industrial Area, Ahmedabad - 209652",False
BID_1447,Mander LLP,procurement@mander.com,XXXX XXXX 4601,DIXCE7993I,29DIXCE7993I8ZH,U48235MH1995UIA678572,True,UDYAM-KA-36-0065854,16.09,24162632KPOXRX2708,59.8,Ishani Goyal,19353729,"Plot 222, Taloja MIDC, Navi Mumbai - 383821",False
BID_1448,Barman Pvt Ltd,admin@barman.biz.in,XXXX XXXX 0294,JFGCO0668H,24JFGCO0668H2ZP,U66341DL2000MIP048399,False,UDYAM-GJ-73-8845052,44.88,24606754IAXDJM8563,73.5,Upasna Lata,08742314,"Plot 210, Guindy Industrial Estate, Chennai - 080978",False
BID_1449,Badami LLP,info@badami.com,XXXX XXXX 3257,FAJCM3015E,09FAJCM3015E3ZX,L16191KA1998NYI872194,True,UDYAM-UP-76-9790482,17.22,24528108GCQDHJ5599,68.0,Ekanta Ganguly,57773013,"Plot 165, Rudrapur Industrial Estate, Uttarakhand - 257512",False
BID_1450,Hegde-Sharma LLP,admin@hegdesharma.biz.in,XXXX XXXX 9314,KDYCB1482G,29KDYCB1482G3ZY,L14886MH1996KBO974531,False,UDYAM-KA-53-6743932,222.46,24365833GVSDQL2107,64.7,Kritika Saran,85256983,"Plot 51, MIDC Industrial Area, Pune - 006722",False
BID_1451,Magar-Samra LLP,info@magarsamra.com,XXXX XXXX 1184,ZKHCG7259F,24ZKHCG7259F1ZP,U77763GJ2006WUW360832,False,UDYAM-GJ-53-7352190,51.65,24807709SSQBLT1538,87.5,Zansi Devan,60608349,"Plot 73, Rudrapur Industrial Estate, Uttarakhand - 168310",False
BID_1452,Atwal Limited,bids@atwal.biz.in,XXXX XXXX 1213,CCVCA2250I,24CCVCA2250I9ZJ,L18254KA1999ITP187072,True,UDYAM-GJ-93-0106725,39.27,24756458UIBBWX3367,23.5,Tripti Rastogi,43737056,"Plot 103, Noida Sector 63 Industrial Area, Noida - 604365",False
BID_1453,Ramachandran-Uppal Limited,info@ramachandranuppal.in,XXXX XXXX 4732,WLXCO1223Z,09WLXCO1223Z8ZM,U58273DL2012XIG990906,False,UDYAM-UP-39-9288506,74.34,24555028ARMVDE8205,24.2,Faraj Agarwal,56650928,"Plot 211, Whitefield Industrial Zone, Bengaluru - 200978",False
BID_1454,Majumdar Pvt Ltd,procurement@majumdar.co.in,XXXX XXXX 6084,DAGCW2958L,07DAGCW2958L9ZI,U41608UP2008OWU442575,True,UDYAM-DL-30-3407030,27.92,24628142KJBGNK7398,52.1,Ikshita Rastogi,93436634,"Plot 28, Manesar Industrial Area, Gurugram - 450102",False
BID_1455,Ghose Pvt Ltd,gem.desk@ghose.co.in,XXXX XXXX 5912,LZRCC8077J,09LZRCC8077J2ZE,U40846MH2021BZD926519,False,UDYAM-UP-86-3464613,96.81,24916421SIMGIK9091,48.7,Faraj Dyal,01207616,"Plot 34, Whitefield Industrial Zone, Bengaluru - 330266",False
BID_1456,Chauhan LLP,gem.desk@chauhan.biz.in,XXXX XXXX 4671,QRNCX0059S,24QRNCX0059S2Z8,U38849GJ2011EVZ274560,True,UDYAM-GJ-60-0157076,12.90,24744215LBLJSM2720,85.6,Ekani Nair,06094979,"Plot 59, Rudrapur Industrial Estate, Uttarakhand - 643957",False
BID_1457,"Vaidya, Yohannan and Keer LLP",bids@vaidyayohannanandkeer.co.in,XXXX XXXX 6363,YOZCY3493O,27YOZCY3493O6ZM,L38197GJ1995ZGY692576,False,UDYAM-MH-31-2864384,84.67,24627032ONMFSA4673,94.9,Orinder Nori,20067704,"Plot 145, Noida Sector 63 Industrial Area, Noida - 301655",False
BID_1458,"Ray, Verma and Nayak Pvt Ltd",info@rayvermaandnayak.biz.in,XXXX XXXX 7382,WJACL3357T,07WJACL3357T5Z5,L77539UP2021GKU719035,True,UDYAM-DL-12-4199685,3.07,24040142HWLKKJ2940,43.5,Urmi Kota,46255691,"Plot 168, Whitefield Industrial Zone, Bengaluru - 134686",False
BID_1459,Kala-Bhatti Limited,bids@kalabhatti.in,XXXX XXXX 6841,HDVCC7578N,07HDVCC7578N1ZT,U95048KA1996XIZ570918,False,UDYAM-DL-97-7760680,152.93,24476966TVJVCK3389,87.0,Frederick Chowdhury,93477017,"Plot 37, Guindy Industrial Estate, Chennai - 515044",False
BID_1460,"Venkatesh, Mohan and Ganesan Pvt Ltd",contact@venkateshmohanandganesan.com,XXXX XXXX 3093,KCWCX7259A,29KCWCX7259A5ZQ,L19960DL2008ZIY079197,False,UDYAM-KA-45-4932911,43.36,24563076AVKMEN4647,30.9,Tarak Bawa,49740598,"Plot 206, Sanand GIDC Industrial Area, Ahmedabad - 122827",True
BID_1461,"Chokshi, Purohit and Narula Pvt Ltd",contact@chokshipurohitandnarula.co.in,XXXX XXXX 8874,HBTCZ4561B,29HBTCZ4561B4ZJ,L91600TN2019VJS944518,False,UDYAM-KA-13-9771551,8.63,24264586RZWNMJ5008,58.9,Isaac Babu,39152538,"Plot 250, Rudrapur Industrial Estate, Uttarakhand - 728768",False
BID_1462,"Tara, Bumb and Barad Pvt Ltd",info@tarabumbandbarad.in,XXXX XXXX 4388,VLKCJ3014F,07VLKCJ3014F3Z4,L54700TN1999WRO100214,False,UDYAM-DL-01-9515833,75.53,24388626VIMJML1560,78.0,Anusha Koshy,61287500,"Plot 250, Hosur Industrial Estate, Hosur - 290783",False
BID_1463,Chandra PLC LLP,sales@chandraplc.co.in,XXXX XXXX 4618,KRICV9098Z,33KRICV9098Z2ZV,L88962TN2002JOV099918,True,UDYAM-TN-61-0921456,37.36,24443594BPJRLF7454,77.7,Ryan Mangal,35071049,"Plot 130, Patparganj Industrial Area, New Delhi - 357096",False
BID_1464,"Saxena, Subramanian and Bhat Limited",sales@saxenasubramanianandbhat.co.in,XXXX XXXX 0672,FDKCT3526W,33FDKCT3526W1ZN,U00303MH1996VUJ809252,False,UDYAM-TN-86-7788039,157.30,24987209HOPVFN5000,92.0,Mekhala Gaba,54525225,"Plot 227, Hosur Industrial Estate, Hosur - 676380",False
BID_1465,"De, Nori and Kale LLP",admin@denoriandkale.in,XXXX XXXX 7857,NHBCC8687P,07NHBCC8687P6ZD,L88930DL2011WFN850630,True,UDYAM-DL-20-0429026,33.13,24774724UPKMNN1288,70.5,Hema Madan,49564341,"Plot 243, Hosur Industrial Estate, Hosur - 116832",False
BID_1466,Subramaniam-Chandran Pvt Ltd,admin@subramaniamchandran.in,XXXX XXXX 0688,XYVCM1187V,09XYVCM1187V1ZQ,U63145MH2021THV852276,True,UDYAM-UP-16-2482620,16.91,24068026ZCKJSE4469,82.7,Anamika Karnik,91763405,"Plot 89, Whitefield Industrial Zone, Bengaluru - 213155",False
BID_1467,Som-Pau Limited,info@sompau.com,XXXX XXXX 8267,XXNCW6725D,24XXNCW6725D7ZG,U11768KA2002XMI014727,False,UDYAM-GJ-34-0583124,71.96,24511898LUXHLK0233,37.2,Chakrika Mammen,63465444,"Plot 83, MIDC Industrial Area, Pune - 785381",False
BID_1468,Khurana PLC LLP,bids@khuranaplc.biz.in,XXXX XXXX 7143,BZZCG2721P,33BZZCG2721P1ZQ,U25588MH2010TEN540146,False,UDYAM-TN-61-2075565,236.41,24560649AWDDMV0643,27.7,Shivani Chatterjee,65716622,"Plot 30, Rudrapur Industrial Estate, Uttarakhand - 430341",False
BID_1469,Narang-Lal LLP,procurement@naranglal.co.in,XXXX XXXX 7037,QTCCL4925O,07QTCCL4925O4ZD,L00350DL1999KRU878426,False,UDYAM-DL-29-9407566,114.90,24671648AEYLAE4479,42.4,Reva Bhargava,05471471,"Plot 211, Taloja MIDC, Navi Mumbai - 358958",False
BID_1470,Dass PLC Pvt Ltd,contact@dassplc.com,XXXX XXXX 7088,CGTCP5419V,07CGTCP5419V3ZL,U23182TN2023WJT454006,False,UDYAM-DL-74-9910368,217.00,24499467KQZPOM7984,50.5,Ishita Chaudry,16533464,"Plot 40, Naroda Industrial Estate, Ahmedabad - 251824",False
BID_1471,"Sem, Prakash and Kunda Limited",contact@semprakashandkunda.in,XXXX XXXX 1520,BJGCQ1711F,07BJGCQ1711F9Z4,L59189DL2008KBV004841,False,UDYAM-DL-82-5091475,13.88,24747281ZDQJTK4880,33.1,Yoshita Rana,41106140,"Plot 1, Whitefield Industrial Zone, Bengaluru - 717509",False
BID_1472,"Sharma, Upadhyay and Bhargava Pvt Ltd",bids@sharmaupadhyayandbhargava.biz.in,XXXX XXXX 4180,SHKCM4319T,27SHKCM4319T6ZB,L90263GJ1997VNZ541556,False,UDYAM-MH-75-2040075,162.58,24479152FVPSIN4158,83.3,Peter Raghavan,76657121,"Plot 3, Peenya Industrial Area, Bengaluru - 515555",False
BID_1473,Goyal PLC Pvt Ltd,sales@goyalplc.com,XXXX XXXX 8457,NITCI4718O,33NITCI4718O9ZZ,L73099KA2004YRX828419,True,UDYAM-TN-12-8730313,31.37,24341879NZKAPN2262,83.1,Charan Sane,02018189,"Plot 133, Ambattur Industrial Estate, Chennai - 458600",False
BID_1474,"Iyengar, Hegde and Kamdar Limited",sales@iyengarhegdeandkamdar.in,XXXX XXXX 2179,JPOCV8609T,33JPOCV8609T5ZJ,L66337DL2018EBV865831,True,UDYAM-TN-34-9155163,9.70,24884498MTULBI3023,58.9,Eta Sule,50888001,"Plot 14, Noida Sector 63 Industrial Area, Noida - 045413",True
BID_1475,Ramachandran Limited,gem.desk@ramachandran.co.in,XXXX XXXX 9436,INRCT2764X,29INRCT2764X6ZW,U89211GJ2018MIY217858,True,UDYAM-KA-84-9566349,34.94,24485572AWLIZM8221,54.2,Darsh Palla,86719119,"Plot 78, Patparganj Industrial Area, New Delhi - 248864",False
BID_1476,Ghose-Mangal Pvt Ltd,bids@ghosemangal.co.in,XXXX XXXX 6182,XMVCK0808R,07XMVCK0808R8ZA,U51100KA2010EGY727113,True,UDYAM-DL-89-7075254,28.02,24192377VYCMDI5490,46.3,Urvi Sanghvi,60764130,"Plot 176, MIDC Industrial Area, Pune - 658430",True
BID_1477,Viswanathan Limited,bids@viswanathan.co.in,XXXX XXXX 7766,EBACL5365M,33EBACL5365M2ZM,U68247DL1997OKI914245,False,UDYAM-TN-05-7997214,94.93,24829100XKJEOJ3172,21.9,Vansha Nadig,97607117,"Plot 197, Whitefield Industrial Zone, Bengaluru - 087473",False
BID_1478,"Saxena, Prashad and Pathak Limited",bids@saxenaprashadandpathak.co.in,XXXX XXXX 5481,YOYCH1207O,29YOYCH1207O6ZL,U32792DL1996PXZ194314,False,UDYAM-KA-05-0104314,144.52,24678584KFRUIN6337,89.9,Ridhi Johal,19087842,"Plot 201, Hosur Industrial Estate, Hosur - 213631",False
BID_1479,"Chaudhari, Murty and Varghese LLP",gem.desk@chaudharimurtyandvarghese.co.in,XXXX XXXX 2434,EIRCP8087L,33EIRCP8087L3ZT,L96736MH2007NUR546798,False,UDYAM-TN-58-8540061,150.88,24514154WNZPNZ0873,50.7,Hemangini Bandi,51077904,"Plot 247, Hosur Industrial Estate, Hosur - 240096",False
BID_1480,Barad PLC Pvt Ltd,sales@baradplc.in,XXXX XXXX 6415,GAOCH9307T,27GAOCH9307T5ZL,L31807DL2015GXO988292,False,UDYAM-MH-22-4548180,222.98,24805065YQKCMR0306,28.0,Eiravati Johal,09168146,"Plot 159, Manesar Industrial Area, Gurugram - 811206",True
BID_1481,Nanda-Chaudhary Pvt Ltd,contact@nandachaudhary.com,XXXX XXXX 1910,JOACT1542Q,33JOACT1542Q6Z3,L12989MH1995OFQ046594,False,UDYAM-TN-76-2510858,21.48,24493211ZHIKBV3736,93.7,Wishi Sami,46299473,"Plot 188, Patparganj Industrial Area, New Delhi - 959885",False
BID_1482,"Rajan, Sahni and Karan Pvt Ltd",bids@rajansahniandkaran.co.in,XXXX XXXX 1980,XGTCT9675Q,24XGTCT9675Q5Z7,L89693UP1998FHK003360,True,UDYAM-GJ-00-7335384,2.06,24270655YMOMHW4214,62.4,Kevin Iyer,99333653,"Plot 110, Noida Sector 63 Industrial Area, Noida - 742906",False
BID_1483,Dugar LLP,info@dugar.biz.in,XXXX XXXX 0187,VXXCH0006E,07VXXCH0006E4ZB,L69839GJ2015ZFH724269,False,UDYAM-DL-14-6259068,29.11,24759506HWDWZE0406,25.1,Mekhala Dalal,16316490,"Plot 68, Naroda Industrial Estate, Ahmedabad - 506485",False
BID_1484,Garde Limited,procurement@garde.com,XXXX XXXX 7863,FOVCC9411T,27FOVCC9411T9ZB,L49570GJ2020EHJ736357,False,UDYAM-MH-03-0309790,202.70,24376501WXIKFY2774,69.1,Anvi Subramaniam,76970442,"Plot 23, Naroda Industrial Estate, Ahmedabad - 745505",False
BID_1485,Minhas PLC Pvt Ltd,admin@minhasplc.in,XXXX XXXX 7028,BIUCW2241V,33BIUCW2241V7Z4,L33363UP2023ESK577983,False,UDYAM-TN-31-4282556,68.61,24650197CJDMBZ2165,26.7,Bhavika Thakkar,85553413,"Plot 244, Naroda Industrial Estate, Ahmedabad - 657508",False
BID_1486,Sarin Pvt Ltd,bids@sarin.com,XXXX XXXX 6656,CXZCP9531L,07CXZCP9531L9ZB,L73450KA2013SDX117104,True,UDYAM-DL-46-5783768,38.75,24776677VQIGKV2002,85.4,Ekantika Ram,04699473,"Plot 27, Sanand GIDC Industrial Area, Ahmedabad - 825183",False
BID_1487,"Date, Savant and Mahajan LLP",bids@datesavantandmahajan.biz.in,XXXX XXXX 9760,TMFCS9243F,27TMFCS9243F2ZQ,U20050KA2003YNR451139,False,UDYAM-MH-97-8813510,141.04,24714385WZBOFH3741,20.2,David Chaudhari,33076095,"Plot 157, Rudrapur Industrial Estate, Uttarakhand - 573914",False
BID_1488,Wadhwa-Mani Limited,sales@wadhwamani.biz.in,XXXX XXXX 1969,TPMCD4285C,07TPMCD4285C2ZE,U62807KA1998EGP476294,False,UDYAM-DL-26-7486429,145.01,24999052HDPMQV3221,78.3,Jonathan Karan,32474040,"Plot 80, Naroda Industrial Estate, Ahmedabad - 287789",False
BID_1489,"Bath, Hora and Kota LLP",gem.desk@bathhoraandkota.co.in,XXXX XXXX 7410,ZCDCX8517T,09ZCDCX8517T9ZJ,U25562GJ2012IEF792880,False,UDYAM-UP-00-6751996,227.67,24130271TVQZAU9823,37.8,Riya Chander,02147155,"Plot 203, MIDC Industrial Area, Pune - 564743",True
BID_1490,Nagarajan Limited,contact@nagarajan.com,XXXX XXXX 7833,ZCDCP4392A,24ZCDCP4392A9Z2,U36889DL2022DSG058461,False,UDYAM-GJ-15-9672630,80.83,24483457FYHSGL3140,45.9,Geetika Chacko,74120654,"Plot 15, Baddi Industrial Area, Himachal Pradesh - 399473",False
BID_1491,"Venkatesh, Sane and Salvi Limited",contact@venkateshsaneandsalvi.biz.in,XXXX XXXX 4526,HOVCP7172O,07HOVCP7172O7Z6,U94436KA2019RSN906952,False,UDYAM-DL-34-5289779,216.83,24636820DCYOYC0655,70.9,Vinaya Setty,86128617,"Plot 82, Baddi Industrial Area, Himachal Pradesh - 712950",False
BID_1492,Chander LLP,sales@chander.in,XXXX XXXX 5381,CQTCL2647I,24CQTCL2647I4ZP,U01505KA2000KID628500,False,UDYAM-GJ-92-2023049,14.08,24963639OULVRH0425,34.2,Yutika Patla,04685213,"Plot 8, Peenya Industrial Area, Bengaluru - 877970",False
BID_1493,Wagle Limited,procurement@wagle.biz.in,XXXX XXXX 0712,KZVCL7040T,33KZVCL7040T7Z6,U39350GJ2022DDA312214,False,UDYAM-TN-79-8889829,80.78,24089623YMOWUN5501,35.8,Janya Mander,00049401,"Plot 159, Rudrapur Industrial Estate, Uttarakhand - 106886",False
BID_1494,"Mallick, Wali and Buch LLP",contact@mallickwaliandbuch.biz.in,XXXX XXXX 7696,ZYYCL7946A,07ZYYCL7946A7ZL,L22943MH2004OXF527317,False,UDYAM-DL-38-5965805,233.97,24766856KJDEDP7971,31.0,Robert Shukla,22831827,"Plot 182, Naroda Industrial Estate, Ahmedabad - 593262",False
BID_1495,"Hari, Gopal and Memon Pvt Ltd",bids@harigopalandmemon.in,XXXX XXXX 8749,ADCCH1019K,27ADCCH1019K2ZI,L08671UP2010ZWK743324,False,UDYAM-MH-39-5073806,103.82,24965190MPFGIJ9920,28.8,Hemal Mutti,14183941,"Plot 191, MIDC Industrial Area, Pune - 291531",False
BID_1496,Doshi PLC Limited,admin@doshiplc.com,XXXX XXXX 8204,LJTCB7525T,07LJTCB7525T5ZL,U89664GJ2024BKC485787,False,UDYAM-DL-18-3205530,66.02,24779714IBWXEH4821,66.9,Waida Murty,38725026,"Plot 212, Peenya Industrial Area, Bengaluru - 203733",False
BID_1497,De-Loke LLP,procurement@deloke.co.in,XXXX XXXX 1360,YUACK6859F,29YUACK6859F7ZO,L12685TN2006OEQ035462,False,UDYAM-KA-84-8260719,63.64,24172195WKLLQS4678,77.3,Warhi Sarraf,25367554,"Plot 114, Baddi Industrial Area, Himachal Pradesh - 252779",False
BID_1498,Dube-Bajaj Limited,info@dubebajaj.in,XXXX XXXX 0745,QJTCR6314L,07QJTCR6314L9ZG,U68285TN2024TUT407378,False,UDYAM-DL-43-2470710,230.07,24292312UVSERM7054,66.4,Omaja Goswami,99804323,"Plot 225, MIDC Industrial Area, Pune - 504596",False
BID_1499,Bhavsar-Palla Limited,bids@bhavsarpalla.in,XXXX XXXX 9396,MIKCP1474D,27MIKCP1474D7ZL,L89664UP1996ERT327476,False,UDYAM-MH-27-1759262,51.43,24504753NIGBIJ2639,41.5,Chameli Kala,15974639,"Plot 24, Okhla Industrial Estate, New Delhi - 063146",False
BID_1500,"Nanda, Kade and Nori Limited",info@nandakadeandnori.co.in,XXXX XXXX 9219,WTRCF3129X,09WTRCF3129X4ZF,U70948GJ2000FHU074942,False,UDYAM-UP-71-5185946,146.95,24342181KZCTRA2907,87.5,Udyati Sachdev,79994412,"Plot 103, Whitefield Industrial Zone, Bengaluru - 193817",False
BID_1501,"Nadkarni, Karnik and Bhavsar Pvt Ltd",contact@nadkarnikarnikandbhavsar.in,XXXX XXXX 8982,JHQCL4271C,33JHQCL4271C9ZS,U30998GJ2024ROZ413794,True,UDYAM-TN-77-0414901,10.59,24471403ZXHAMF4267,50.8,Omya Venkatesh,95024650,"Plot 10, Guindy Industrial Estate, Chennai - 594602",False
BID_1502,"Kant, Kaur and Madan Limited",contact@kantkaurandmadan.co.in,XXXX XXXX 1006,QFCCV6481H,09QFCCV6481H7ZV,L53055GJ2021OTU191295,True,UDYAM-UP-91-4024012,1.74,24046434XPPSDD4848,94.2,Oviya Rajan,94907677,"Plot 225, MIDC Industrial Area, Pune - 724201",False
BID_1503,Buch Limited,gem.desk@buch.in,XXXX XXXX 0885,NVKCV7992G,33NVKCV7992G4ZY,L16872UP2004CLL977526,False,UDYAM-TN-77-9947088,157.40,24186179YUXZRF8474,26.5,Jagdish Sandhu,95726313,"Plot 221, Manesar Industrial Area, Gurugram - 753019",False
BID_1504,Sur Pvt Ltd,procurement@sur.in,XXXX XXXX 2844,XTGCW0422T,33XTGCW0422T1ZY,L10850TN2020HCD604677,False,UDYAM-TN-31-0672758,84.41,24272539NRFXDL9585,33.3,Saksham Babu,95480907,"Plot 124, Guindy Industrial Estate, Chennai - 954514",False
BID_1505,Thakur-Manne Pvt Ltd,gem.desk@thakurmanne.biz.in,XXXX XXXX 1922,XZTCU9327O,29XZTCU9327O9Z9,L44272DL2003NKD605338,False,UDYAM-KA-62-4410142,205.69,24132470BZEMOR1823,24.1,Zashil Loke,89278876,"Plot 108, Peenya Industrial Area, Bengaluru - 943074",False
BID_1506,"Sharma, Chauhan and Parekh LLP",admin@sharmachauhanandparekh.biz.in,XXXX XXXX 4788,GRKCW4952Q,27GRKCW4952Q7ZT,L84644KA2000XHJ232615,True,UDYAM-MH-07-7562852,6.77,24193548ZWPQUQ4707,43.7,Anjali Dixit,41218896,"Plot 48, MIDC Industrial Area, Pune - 850437",False
BID_1507,Yadav-Ahluwalia Limited,gem.desk@yadavahluwalia.biz.in,XXXX XXXX 3743,KMDCA1228Z,24KMDCA1228Z7ZS,L79722DL1998RNR647817,False,UDYAM-GJ-07-6553637,144.93,24931485OGQAAU6221,85.0,Upma Sahota,07407027,"Plot 155, Whitefield Industrial Zone, Bengaluru - 187423",False
BID_1508,"Wason, Ram and Bobal LLP",sales@wasonramandbobal.co.in,XXXX XXXX 4491,QQNCQ1021P,09QQNCQ1021P7ZQ,L66455UP2006ZFT749401,True,UDYAM-UP-51-7509264,38.59,24934395UDXKWC4249,91.0,Finn Sama,69673422,"Plot 129, Baddi Industrial Area, Himachal Pradesh - 853393",False
BID_1509,Yadav-Sarma Pvt Ltd,procurement@yadavsarma.com,XXXX XXXX 9887,ILVCJ5363I,07ILVCJ5363I5ZN,L03280MH2013ECB236348,False,UDYAM-DL-90-4531991,232.67,24499366SLEXOV5982,59.1,Ranbir Shenoy,04070306,"Plot 85, Taloja MIDC, Navi Mumbai - 774491",False
BID_1510,Kapadia LLP,procurement@kapadia.biz.in,XXXX XXXX 5160,AEGCX2974G,07AEGCX2974G5ZJ,U49867MH2017BLG628160,True,UDYAM-DL-08-5406526,8.02,24757926TGSRKZ0646,40.7,Brijesh Ratta,47764610,"Plot 179, Hosur Industrial Estate, Hosur - 799712",False
BID_1511,Bail LLP,sales@bail.co.in,XXXX XXXX 0562,SLICE2150J,07SLICE2150J5ZU,U34859MH1996VWO743502,False,UDYAM-DL-05-2455786,230.24,24282437AEHTHT9361,30.1,Divya Toor,98344607,"Plot 113, MIDC Industrial Area, Pune - 467710",False
BID_1512,Parmar Pvt Ltd,sales@parmar.in,XXXX XXXX 7076,SHJCO5052K,33SHJCO5052K8ZQ,U73836DL1996END184630,True,UDYAM-TN-84-9993436,2.71,24006691UQTQNI1481,73.3,Girish Patil,69185096,"Plot 140, Noida Sector 63 Industrial Area, Noida - 959414",False
BID_1513,Kalla Pvt Ltd,contact@kalla.biz.in,XXXX XXXX 4638,LPCCW6101D,07LPCCW6101D6Z1,L03085DL1995PEM255804,False,UDYAM-DL-32-8538774,134.58,24127285WSOCMF0458,27.3,Ekani Kala,39826523,"Plot 102, Whitefield Industrial Zone, Bengaluru - 459877",False
BID_1514,Salvi Limited,contact@salvi.in,XXXX XXXX 7708,UVUCV0555R,29UVUCV0555R6Z2,U09770MH2006ZWS898798,True,UDYAM-KA-62-2537670,27.35,24339396CLLISW8394,27.5,Triya Iyengar,88242963,"Plot 71, Whitefield Industrial Zone, Bengaluru - 946792",False
BID_1515,Sankaran Limited,contact@sankaran.biz.in,XXXX XXXX 0853,HGPCP4225P,33HGPCP4225P4ZE,U83794KA1997ITC183037,False,UDYAM-TN-53-3769268,162.92,24784478FRUCJJ1851,61.4,Amrita Thakur,24497245,"Plot 90, Sanand GIDC Industrial Area, Ahmedabad - 616997",False
BID_1516,"Mitra, Zachariah and Dua LLP",sales@mitrazachariahanddua.com,XXXX XXXX 1360,FLCCW6501K,07FLCCW6501K8ZG,L77242TN2013QUC405873,False,UDYAM-DL-52-8109649,189.59,24001925PJKMNJ2204,46.9,Jeevika Madan,28561914,"Plot 193, Okhla Industrial Estate, New Delhi - 599047",False
BID_1517,"Pandit, Natt and Patil LLP",procurement@panditnattandpatil.co.in,XXXX XXXX 7801,WZYCJ5284L,27WZYCJ5284L8Z3,U49352MH2020LZT932023,False,UDYAM-MH-17-7152927,147.64,24442403YBITVZ8970,87.3,Ishanvi Chopra,44625743,"Plot 207, Whitefield Industrial Zone, Bengaluru - 788540",False
BID_1518,Agrawal Limited,gem.desk@agrawal.com,XXXX XXXX 1318,XFCCA0077V,24XFCCA0077V8Z0,U56986KA2003GUC668107,True,UDYAM-GJ-95-9652179,38.31,24463140MYLRYD0470,62.2,Vrishti Om,07864284,"Plot 6, Whitefield Industrial Zone, Bengaluru - 193948",False
BID_1519,Dhar LLP,info@dhar.biz.in,XXXX XXXX 2558,GUVCR6216G,07GUVCR6216G7ZN,L52763UP2015XLL342836,False,UDYAM-DL-70-9189528,226.86,24212794GWZVGT9820,91.0,Vansha Bose,13278283,"Plot 90, Sanand GIDC Industrial Area, Ahmedabad - 934527",True
BID_1520,Bora Pvt Ltd,gem.desk@bora.in,XXXX XXXX 0735,FKBCB1151V,33FKBCB1151V2ZO,L23255KA2009TSF016603,False,UDYAM-TN-74-5398573,185.81,24710836RTXXOF6040,68.7,Pallavi Verma,94947134,"Plot 224, Baddi Industrial Area, Himachal Pradesh - 053512",False
BID_1521,"Thakur, Parmar and Sha Limited",admin@thakurparmarandsha.biz.in,XXXX XXXX 8037,KSWCI5284Q,33KSWCI5284Q8ZD,L76976TN2024FPU738145,False,UDYAM-TN-20-6046766,162.43,24773383IGCAIQ0739,27.3,Yoshita Iyengar,92459576,"Plot 216, Okhla Industrial Estate, New Delhi - 051728",False
BID_1522,"Narang, Prasad and Ganesh Pvt Ltd",sales@narangprasadandganesh.co.in,XXXX XXXX 6546,COACV0386P,24COACV0386P4Z3,L64937MH1998WOP406904,True,UDYAM-GJ-30-2839464,1.89,24750222JCWPMF8988,83.7,Irya Merchant,75060824,"Plot 47, Manesar Industrial Area, Gurugram - 039495",False
BID_1523,"Dalal, Mohan and Vaidya Pvt Ltd",contact@dalalmohanandvaidya.biz.in,XXXX XXXX 5147,SKZCH1193A,27SKZCH1193A9ZZ,U02229TN2005QUE254320,True,UDYAM-MH-56-7023712,35.73,24585222QUGQWJ2040,59.1,Amruta Chaudhari,47865901,"Plot 127, Baddi Industrial Area, Himachal Pradesh - 382503",False
BID_1524,Kapoor-Venkataraman Limited,procurement@kapoorvenkataraman.com,XXXX XXXX 5054,TOQCL5581W,29TOQCL5581W3Z8,U26283KA2022ROZ978827,True,UDYAM-KA-96-4505987,35.10,24628146KEHDKW5079,57.5,Amara Choudhury,35285785,"Plot 35, Patparganj Industrial Area, New Delhi - 357342",False
BID_1525,Chauhan-Lalla Limited,procurement@chauhanlalla.co.in,XXXX XXXX 0140,VPTCX2605R,29VPTCX2605R7Z1,L10166MH2004XQH365895,False,UDYAM-KA-60-9099171,234.27,24577990OIUBQK3122,35.2,Osha Upadhyay,43168519,"Plot 32, Guindy Industrial Estate, Chennai - 213301",False
BID_1526,"Srinivas, Nadig and Kurian LLP",procurement@srinivasnadigandkurian.com,XXXX XXXX 8774,FGTCC1768Z,09FGTCC1768Z4ZV,U66878GJ1997JOV082502,False,UDYAM-UP-24-6396389,26.78,24778145GPAHHP4766,93.3,Vasatika Salvi,26306934,"Plot 36, Okhla Industrial Estate, New Delhi - 010909",False
BID_1527,Pandit Pvt Ltd,procurement@pandit.co.in,XXXX XXXX 2091,THKCQ9075N,29THKCQ9075N4Z8,U58246UP2009BOS382881,False,UDYAM-KA-18-7600542,242.85,24820397DDKLCB6039,29.0,Daniel Mammen,73075780,"Plot 138, Ambattur Industrial Estate, Chennai - 416648",False
BID_1528,Chakrabarti-Mand Limited,contact@chakrabartimand.biz.in,XXXX XXXX 9077,PNQCY4073B,09PNQCY4073B4Z3,U05469KA2005QSG935767,True,UDYAM-UP-72-2672659,30.84,24369645OYVPUI0607,37.9,Krishna Chowdhury,90449440,"Plot 180, Noida Sector 63 Industrial Area, Noida - 617846",False
BID_1529,Bhalla-Menon Limited,bids@bhallamenon.com,XXXX XXXX 1917,MDUCK4784X,07MDUCK4784X8Z3,L04230TN2021MZD667091,True,UDYAM-DL-12-2856175,35.73,24454502LANZAY0948,67.9,Radhika Devi,80243898,"Plot 104, Taloja MIDC, Navi Mumbai - 684358",False
BID_1530,Peri Pvt Ltd,info@peri.biz.in,XXXX XXXX 9060,TSCCM5468B,07TSCCM5468B5ZD,U21878UP2011IGT662207,False,UDYAM-DL-00-7261812,166.65,24598838NRTFWV8666,23.9,Viraj Balakrishnan,86116418,"Plot 18, Guindy Industrial Estate, Chennai - 208532",False
BID_1531,"Dara, Singhal and Das Pvt Ltd",admin@darasinghalanddas.in,XXXX XXXX 7880,FNZCF5440P,07FNZCF5440P3ZO,L68200TN2003CID286546,True,UDYAM-DL-73-4664135,6.76,24250782LCVBOI9824,46.6,Ekapad Handa,20881704,"Plot 23, Manesar Industrial Area, Gurugram - 406132",False
BID_1532,Sami-Agrawal Pvt Ltd,info@samiagrawal.biz.in,XXXX XXXX 3619,CMKCK4421G,09CMKCK4421G5Z2,L20081DL2016EXV733351,False,UDYAM-UP-84-0068192,202.04,24892846XWBJVP0008,88.0,Yash Pradhan,22734645,"Plot 88, Noida Sector 63 Industrial Area, Noida - 105039",False
BID_1533,Dugal-Borah LLP,gem.desk@dugalborah.com,XXXX XXXX 9079,VMWCX5732O,27VMWCX5732O1ZK,L51347MH2006SLM764060,False,UDYAM-MH-43-5666121,109.92,24469894AHMZNG3760,69.2,Ishani Kapadia,22223982,"Plot 149, Patparganj Industrial Area, New Delhi - 633550",False
BID_1534,"Raj, Vyas and Dugar LLP",procurement@rajvyasanddugar.biz.in,XXXX XXXX 7685,IQTCJ1418J,09IQTCJ1418J6Z1,L37405UP1999WBT453250,False,UDYAM-UP-65-7305463,141.19,24182233VSXDGX2494,64.2,Utkarsh Rama,64859106,"Plot 193, Sanand GIDC Industrial Area, Ahmedabad - 271269",False
BID_1535,"Dhillon, Brar and Ramesh Pvt Ltd",contact@dhillonbrarandramesh.co.in,XXXX XXXX 4325,GBYCG3834X,24GBYCG3834X1ZN,L02973TN2009QFQ089932,True,UDYAM-GJ-68-1529430,7.91,24679926ULYYHW8288,58.4,Dakshesh Mangat,34908440,"Plot 178, Naroda Industrial Estate, Ahmedabad - 407464",False
BID_1536,Lad Limited,info@lad.in,XXXX XXXX 9432,YOSCR2451W,29YOSCR2451W8ZP,U87839TN1995SPH008479,False,UDYAM-KA-68-4805172,62.07,24334455ERCHBI5804,56.5,Ishwar Lalla,81340260,"Plot 154, Ambattur Industrial Estate, Chennai - 172277",False
BID_1537,Dara-Balan LLP,info@darabalan.in,XXXX XXXX 4603,DSXCF2824B,24DSXCF2824B2ZM,L25197TN2014AGI088594,True,UDYAM-GJ-43-1603072,9.28,24437078NUYEQC1126,76.5,Xalak Malhotra,78618894,"Plot 128, Peenya Industrial Area, Bengaluru - 683987",False
BID_1538,Mutti-Karnik Pvt Ltd,info@muttikarnik.co.in,XXXX XXXX 9909,ITHCT9160G,24ITHCT9160G2ZK,L12778MH2014HOP134671,False,UDYAM-GJ-00-7977214,201.92,24540612SJAXYV7042,44.6,Urvi Bose,57764093,"Plot 168, Sanand GIDC Industrial Area, Ahmedabad - 080670",False
BID_1539,"Khatri, Raghavan and Dutta Limited",gem.desk@khatriraghavananddutta.com,XXXX XXXX 9125,QOSCD6817M,27QOSCD6817M9ZZ,U63107DL1997UAN599377,True,UDYAM-MH-35-9603012,23.53,24207181YWHRAQ7258,93.2,Abha Karan,48743130,"Plot 226, Guindy Industrial Estate, Chennai - 089948",False
BID_1540,Ramanathan-Ramesh Limited,info@ramanathanramesh.biz.in,XXXX XXXX 2223,ICLCY0795Y,29ICLCY0795Y1Z1,U46018DL1999DBY872805,False,UDYAM-KA-60-5526030,228.03,24423232ESECGT5683,22.5,Sanya Hans,95049104,"Plot 53, Manesar Industrial Area, Gurugram - 082428",True
BID_1541,Bhargava Pvt Ltd,info@bhargava.com,XXXX XXXX 3294,NDRCK0485W,33NDRCK0485W4ZR,L27732MH2023AFX044289,True,UDYAM-TN-88-6048247,38.89,24517952XDFGFC1657,59.8,Manbir Rajan,76209272,"Plot 200, Ambattur Industrial Estate, Chennai - 941658",False
BID_1542,Dutta Limited,admin@dutta.com,XXXX XXXX 6036,OZUCK5337F,07OZUCK5337F1ZB,L11290KA2014SVS917570,True,UDYAM-DL-57-0156938,19.20,24877736JGDLVN6891,26.9,Nandini Sekhon,02465286,"Plot 61, Whitefield Industrial Zone, Bengaluru - 601692",False
BID_1543,Som Pvt Ltd,procurement@som.biz.in,XXXX XXXX 9906,FLBCC9491M,27FLBCC9491M9ZC,L84784KA1995GZC483514,False,UDYAM-MH-55-0134602,230.09,24976031NPFBQR3324,29.0,Omkaar Comar,10183316,"Plot 112, MIDC Industrial Area, Pune - 542010",False
BID_1544,Sule Limited,sales@sule.biz.in,XXXX XXXX 3651,AFFCU7766M,24AFFCU7766M7ZZ,U81727TN2015NOE098354,False,UDYAM-GJ-75-8364650,198.97,24576246LPCZGW6336,36.9,Yuvraj Sama,22953450,"Plot 205, Taloja MIDC, Navi Mumbai - 464052",True
BID_1545,Ramanathan LLP,procurement@ramanathan.com,XXXX XXXX 1820,FBHCO5194V,09FBHCO5194V2Z1,L71118MH2021WXS876308,False,UDYAM-UP-10-3386455,85.73,24399684MVTINK5416,25.4,Daksh Kalita,39753236,"Plot 58, Taloja MIDC, Navi Mumbai - 449844",False
BID_1546,Sampath-Nagi Limited,admin@sampathnagi.biz.in,XXXX XXXX 8693,SPLCW8450A,33SPLCW8450A1ZO,L39482KA2023CNO126013,True,UDYAM-TN-45-6296192,27.82,24696929PZWGWR7973,73.7,Vinaya Samra,18181447,"Plot 213, Hosur Industrial Estate, Hosur - 301164",False
BID_1547,Viswanathan Limited,info@viswanathan.biz.in,XXXX XXXX 3494,EMNCE9594J,24EMNCE9594J1ZJ,U18361UP1998EPR231118,False,UDYAM-GJ-93-2798139,210.89,24868463ISDNZH2079,23.9,Tanish Seth,65091976,"Plot 105, Baddi Industrial Area, Himachal Pradesh - 506778",False
BID_1548,Kanda LLP,contact@kanda.com,XXXX XXXX 7363,KECCG0713S,29KECCG0713S7ZA,L64419MH2022BPW973889,False,UDYAM-KA-57-7262295,167.06,24504793PVSLXV8003,34.2,Sanya Bumb,27279077,"Plot 74, MIDC Industrial Area, Pune - 834356",False
BID_1549,"Halder, Maharaj and Krishnamurthy LLP",procurement@haldermaharajandkrishnamurthy.com,XXXX XXXX 4663,LMJCR1572A,24LMJCR1572A2ZZ,L45265KA2002KXF547131,True,UDYAM-GJ-35-4261018,8.21,24567998UIOFEH8286,92.3,Divya Keer,35817135,"Plot 32, MIDC Industrial Area, Pune - 809198",False
BID_1550,"Nath, Chokshi and Dayal Pvt Ltd",admin@nathchokshianddayal.com,XXXX XXXX 5944,NYNCJ6437U,33NYNCJ6437U9Z1,L38159GJ2008KBA374839,False,UDYAM-TN-45-0189555,37.65,24617867FPLMVV6265,55.5,Banjeet Char,89053731,"Plot 35, Ambattur Industrial Estate, Chennai - 746990",False
BID_1551,"Chopra, Vaidya and Swaminathan Limited",info@chopravaidyaandswaminathan.co.in,XXXX XXXX 3697,UJACO9481X,24UJACO9481X4ZM,L02160UP2005QDL248110,True,UDYAM-GJ-87-7193746,17.65,24421411ZMZRWD9808,81.6,Yashawini Shenoy,68469732,"Plot 6, Taloja MIDC, Navi Mumbai - 573377",False
BID_1552,"Chanda, Dara and Balay Limited",procurement@chandadaraandbalay.biz.in,XXXX XXXX 9813,DGHCL7529T,24DGHCL7529T7ZM,U36397GJ2015PPY647336,False,UDYAM-GJ-61-7693211,91.05,24507097HFZZSH7436,71.8,Ekbal Tara,21853399,"Plot 218, Manesar Industrial Area, Gurugram - 278841",False
BID_1553,Patla Limited,bids@patla.com,XXXX XXXX 7110,LKUCQ5381H,24LKUCQ5381H7ZN,U92451GJ2014ABK087273,False,UDYAM-GJ-85-3260095,214.52,24023139XOWTFU5296,83.6,Shaurya Rastogi,38665734,"Plot 23, Peenya Industrial Area, Bengaluru - 355810",False
BID_1554,"Bandi, Zachariah and Gour LLP",admin@bandizachariahandgour.in,XXXX XXXX 0023,CZNCZ7803Q,24CZNCZ7803Q4Z7,U10462KA2022GMN714951,True,UDYAM-GJ-21-7021101,9.50,24071350RCGDRK7346,21.7,Kritika Soni,33018017,"Plot 143, Hosur Industrial Estate, Hosur - 544431",False
BID_1555,"Kala, Sandal and Agarwal Limited",bids@kalasandalandagarwal.in,XXXX XXXX 5100,BDTCA9765V,33BDTCA9765V9ZP,L27416UP2010IQV549102,False,UDYAM-TN-13-2241128,218.23,24945953QCTFEW5279,39.7,Harita Pal,08477211,"Plot 209, Guindy Industrial Estate, Chennai - 451461",False
BID_1556,Hegde Limited,sales@hegde.in,XXXX XXXX 6133,JDUCX1680I,29JDUCX1680I8Z4,U89141UP2023GBK889543,True,UDYAM-KA-87-9190917,3.52,24413617XEAEOF2379,87.4,Janani Sane,48626245,"Plot 11, Ambattur Industrial Estate, Chennai - 709532",False
BID_1557,Kanda LLP,info@kanda.com,XXXX XXXX 1158,VORCJ6069I,33VORCJ6069I5ZP,U10790GJ2020ZTW617855,False,UDYAM-TN-22-0722881,12.66,24804579LKQRUW0043,41.7,Aayush Ahluwalia,84593527,"Plot 42, Noida Sector 63 Industrial Area, Noida - 052361",False
BID_1558,Bumb-Dhaliwal Limited,bids@bumbdhaliwal.biz.in,XXXX XXXX 1297,CKFCP8968A,29CKFCP8968A8Z4,L96192DL1997IDY741595,False,UDYAM-KA-56-2562782,41.13,24222026WTZPYG2680,75.1,Ridhi Pant,65205089,"Plot 91, Taloja MIDC, Navi Mumbai - 563738",False
BID_1559,Borra PLC Limited,contact@borraplc.biz.in,XXXX XXXX 2636,UPXCQ1922Q,33UPXCQ1922Q1ZM,L55190KA1995VYM269426,False,UDYAM-TN-09-3151269,190.62,24860676ATSWKZ0550,41.5,Bakhshi Joshi,34179940,"Plot 3, Naroda Industrial Estate, Ahmedabad - 650274",False
BID_1560,"Behl, Bhattacharyya and Hari Limited",admin@behlbhattacharyyaandhari.biz.in,XXXX XXXX 4881,HDDCJ4489U,33HDDCJ4489U6ZN,L70481GJ1996FFH041196,False,UDYAM-TN-52-0534189,8.11,24751239OCBKJT8394,91.0,Onkar Wadhwa,82944347,"Plot 154, Manesar Industrial Area, Gurugram - 155859",False
BID_1561,Butala-Subramanian LLP,sales@butalasubramanian.com,XXXX XXXX 9755,HNYCF9832D,27HNYCF9832D2ZU,L12801DL2017HPG263392,False,UDYAM-MH-98-4767234,63.37,24098998WUWFGG8597,54.0,Lajita Shere,13628162,"Plot 75, Rudrapur Industrial Estate, Uttarakhand - 161117",False
BID_1562,Baria Limited,info@baria.biz.in,XXXX XXXX 4526,GNHCN1674V,07GNHCN1674V7ZT,U09288GJ2010XHH540423,False,UDYAM-DL-28-4257513,34.08,24934685YXMZUP3874,24.6,Luke Borah,57556745,"Plot 41, Noida Sector 63 Industrial Area, Noida - 142902",False
BID_1563,Garg Limited,admin@garg.co.in,XXXX XXXX 7936,RBFCW0524W,29RBFCW0524W1ZI,L87369TN2012ECK529862,False,UDYAM-KA-78-9781401,41.23,24116643MQERSU6603,72.0,Yadavi Nanda,41321478,"Plot 218, Hosur Industrial Estate, Hosur - 771301",False
BID_1564,Varughese-Pingle Pvt Ltd,gem.desk@varughesepingle.co.in,XXXX XXXX 0333,VFXCX8592U,33VFXCX8592U5ZQ,L59444DL1999ZUF319428,True,UDYAM-TN-64-3046117,3.48,24491580DZCQFT6126,29.5,Girish Arya,49492957,"Plot 238, Guindy Industrial Estate, Chennai - 746270",False
BID_1565,Dhar Limited,gem.desk@dhar.co.in,XXXX XXXX 7339,KVKCH7497F,07KVKCH7497F5ZM,L06188GJ2019PFU510707,True,UDYAM-DL-06-8823326,7.92,24725735BPJGRG9382,81.9,Kritika Sathe,20980359,"Plot 128, Patparganj Industrial Area, New Delhi - 412670",False
BID_1566,"Mukherjee, Kunda and Agate LLP",bids@mukherjeekundaandagate.in,XXXX XXXX 6631,VZOCL4767W,29VZOCL4767W3Z6,L58400UP2011ZEQ377290,True,UDYAM-KA-30-1613602,39.62,24666393KHNHOC4531,72.2,Dalaja Apte,19090297,"Plot 206, Taloja MIDC, Navi Mumbai - 712498",False
BID_1567,"Dutt, Joshi and Sundaram LLP",bids@duttjoshiandsundaram.biz.in,XXXX XXXX 5681,NRHCI7821N,27NRHCI7821N4ZR,L74204UP1995FVP051998,True,UDYAM-MH-16-4524942,24.59,24391405IEKNSX9508,83.8,Hamsini Sen,00176090,"Plot 4, Manesar Industrial Area, Gurugram - 802292",False
BID_1568,Halder-Dugar Pvt Ltd,info@halderdugar.in,XXXX XXXX 9471,RGSCA6080D,29RGSCA6080D5ZV,U92474DL2016YIO882085,True,UDYAM-KA-26-8570519,13.36,24693590EYPPUW6241,92.9,Ronith Pillay,86826746,"Plot 177, Okhla Industrial Estate, New Delhi - 266500",False
BID_1569,Raval PLC Limited,contact@ravalplc.com,XXXX XXXX 5157,EOVCR9277L,29EOVCR9277L8ZI,L63893DL1997RIJ145256,False,UDYAM-KA-09-9229818,242.24,24555647DLWYVC0906,25.3,Aachal Mukherjee,31632107,"Plot 117, Hosur Industrial Estate, Hosur - 791553",False
BID_1570,Banik-Sanghvi Pvt Ltd,admin@baniksanghvi.in,XXXX XXXX 6405,GSYCL4159B,33GSYCL4159B4ZY,L87255GJ2000QUF591222,True,UDYAM-TN-89-6257803,27.68,24231346BFFDEN2665,83.1,Deepa Garg,55729808,"Plot 227, Whitefield Industrial Zone, Bengaluru - 867042",False
BID_1571,Dave LLP,sales@dave.com,XXXX XXXX 2909,XWMCZ8227P,09XWMCZ8227P8ZY,U70532GJ2003IHI103797,True,UDYAM-UP-22-0844248,29.38,24894902MVPTGA0176,23.1,Dakshesh Subramanian,93323148,"Plot 148, MIDC Industrial Area, Pune - 877489",False
BID_1572,Kumer PLC Limited,procurement@kumerplc.in,XXXX XXXX 5893,ONXCX3895H,29ONXCX3895H8ZA,L61237GJ2008LNU488853,True,UDYAM-KA-49-3996889,15.87,24888080MBJDCB7598,71.9,Shaurya Sampath,54247373,"Plot 93, Manesar Industrial Area, Gurugram - 706184",False
BID_1573,Sule LLP,sales1573@sule.biz.in,XXXX XXXX 0068,FMYCY9126E,29FMYCY9126E1ZM,L38322MH1997HXI146261,False,UDYAM-KA-66-9104020,96.00,24583463NDAPLJ1724,78.7,Bhavani Badal,91714876,"Plot 243, Manesar Industrial Area, Gurugram - 753353",False
BID_1574,Dara-Seth LLP,procurement@daraseth.com,XXXX XXXX 6853,MLVCV4109C,07MLVCV4109C3ZV,L60877DL2013RVU610964,True,UDYAM-DL-17-2995502,5.76,24267480QBUFPQ3349,61.9,Dev Wable,12817495,"Plot 233, Baddi Industrial Area, Himachal Pradesh - 224409",False
BID_1575,Goswami-Virk Pvt Ltd,sales@goswamivirk.biz.in,XXXX XXXX 4883,IZNCO9501Q,24IZNCO9501Q5ZV,U70411TN2010TLS831933,True,UDYAM-GJ-56-2575686,38.77,24183289COLQXB7715,43.8,Falguni Shanker,94286891,"Plot 29, Whitefield Industrial Zone, Bengaluru - 077511",False
BID_1576,"Shankar, Ram and Oommen Pvt Ltd",contact@shankarramandoommen.biz.in,XXXX XXXX 2905,CAVCZ0195T,33CAVCZ0195T3ZZ,L63046GJ2002TCN836265,True,UDYAM-TN-03-6861862,39.58,24388483RLCHDA9575,93.2,Nimrat Khalsa,03025457,"Plot 103, Taloja MIDC, Navi Mumbai - 358983",False
BID_1577,Tara LLP,admin@tara.co.in,XXXX XXXX 8037,DQPCT1027W,33DQPCT1027W1Z9,L18665MH2010WYO965598,False,UDYAM-TN-29-1847560,218.64,24792939QGALEE5868,79.5,Aayush Sami,91586426,"Plot 62, Peenya Industrial Area, Bengaluru - 455996",False
BID_1578,"Batra, Swamy and Sehgal Pvt Ltd",contact@batraswamyandsehgal.co.in,XXXX XXXX 5188,ISBCJ5781C,33ISBCJ5781C3ZM,U51585MH2008CYB541028,False,UDYAM-TN-65-4254157,59.30,24657763RUNYMY9193,56.2,Henry Venkataraman,02585852,"Plot 180, Manesar Industrial Area, Gurugram - 268279",False
BID_1579,"Bawa, Aurora and Bala LLP",procurement@bawaauroraandbala.biz.in,XXXX XXXX 1290,ZSACU0462L,29ZSACU0462L9ZB,U84415KA2010OHU965286,True,UDYAM-KA-90-7754476,2.92,24113855DAPYAM4376,30.8,Vedhika Shroff,21084836,"Plot 82, Okhla Industrial Estate, New Delhi - 226320",False
BID_1580,Lalla-Maharaj LLP,bids@lallamaharaj.in,XXXX XXXX 7596,SHYCM6126Q,33SHYCM6126Q3ZS,U36406GJ2002UVE441048,False,UDYAM-TN-15-5773918,104.85,24300692ITTDIB6675,26.0,Dev Chahal,15773472,"Plot 188, Guindy Industrial Estate, Chennai - 530711",False
BID_1581,"Chadha, Mallick and Agarwal LLP",info@chadhamallickandagarwal.com,XXXX XXXX 1031,OILCY0880C,24OILCY0880C6Z1,U32355TN2009VJM715431,False,UDYAM-GJ-92-2998904,238.24,24368063FEQGPP3351,81.0,Ekta Bahl,98212257,"Plot 75, Baddi Industrial Area, Himachal Pradesh - 945205",False
BID_1582,Hegde Limited,contact@hegde.co.in,XXXX XXXX 9325,ZVICI9772C,24ZVICI9772C9ZX,L78679DL2020EKE790214,True,UDYAM-GJ-25-6049454,4.51,24462598GASZXP9297,62.3,Udarsh Cherian,76332486,"Plot 237, Okhla Industrial Estate, New Delhi - 119741",False
BID_1583,Magar LLP,contact@magar.in,XXXX XXXX 3904,UYCCA1170G,27UYCCA1170G7ZB,U90382DL2015BSD723432,False,UDYAM-MH-78-6056812,220.19,24157293ISQMPR6392,88.4,Harrison D’Alia,15683224,"Plot 222, Manesar Industrial Area, Gurugram - 898429",False
BID_1584,Dube LLP,bids@dube.com,XXXX XXXX 3549,RTFCM6365B,29RTFCM6365B4Z3,L91391DL2007HVC412565,False,UDYAM-KA-00-4273140,22.36,24811806VTSIEY7837,64.0,Vidhi Kapoor,43459262,"Plot 149, Taloja MIDC, Navi Mumbai - 199532",False
BID_1585,Mukherjee Pvt Ltd,info@mukherjee.com,XXXX XXXX 9843,YLDCY5642M,07YLDCY5642M4ZT,L66665GJ2017HCF626947,False,UDYAM-DL-48-7473658,96.24,24868266JFCHVD7045,83.1,Bimala Chand,23677236,"Plot 67, Guindy Industrial Estate, Chennai - 026663",False
BID_1586,"Kuruvilla, Mallick and Ravel LLP",bids@kuruvillamallickandravel.co.in,XXXX XXXX 4152,SDXCX8454Q,09SDXCX8454Q5ZQ,U55371UP2021RVS775340,False,UDYAM-UP-34-3849265,81.19,24018573FHTWHD9186,25.7,Kevin Thaman,90526810,"Plot 18, Naroda Industrial Estate, Ahmedabad - 884221",False
BID_1587,"Naidu, Butala and Dugar LLP",contact@naidubutalaanddugar.com,XXXX XXXX 9990,UEGCK1126R,09UEGCK1126R2ZN,L92059KA2013HPG557321,True,UDYAM-UP-89-5252934,1.01,24449801LPXQEJ6829,63.8,Isaiah Bali,85090331,"Plot 206, Naroda Industrial Estate, Ahmedabad - 039250",False
BID_1588,Sarin Limited,info@sarin.com,XXXX XXXX 4945,RVLCY2382C,24RVLCY2382C5ZK,U59315DL2008DXV426612,False,UDYAM-GJ-20-1576674,170.26,24074674UDSZSB8081,71.3,Bahadurjit Saraf,77860678,"Plot 117, Guindy Industrial Estate, Chennai - 815896",False
BID_1589,Vig Limited,info@vig.co.in,XXXX XXXX 2747,POVCD5124M,24POVCD5124M4Z0,L46121TN2022NXR199454,True,UDYAM-GJ-04-9971463,5.57,24622778JQCXZT8169,68.8,Zayyan Sarkar,32228927,"Plot 135, Peenya Industrial Area, Bengaluru - 171993",True
BID_1590,Bera Limited,gem.desk@bera.biz.in,XXXX XXXX 0482,YYUCE7677X,33YYUCE7677X5ZL,U12060TN2024VWT762949,False,UDYAM-TN-26-2375060,19.96,24220632RTQEHF2374,51.5,Rachita Bhatnagar,41500763,"Plot 91, Okhla Industrial Estate, New Delhi - 523648",False
BID_1591,Vig-De Limited,info@vigde.in,XXXX XXXX 3666,SGCCQ6038V,24SGCCQ6038V2ZM,L54091KA2021EUA769628,True,UDYAM-GJ-12-2967687,7.45,24653179BDODUG1354,87.1,Lucky Pillay,13237084,"Plot 152, Whitefield Industrial Zone, Bengaluru - 732444",False
BID_1592,"Hayre, Natarajan and Vaidya Pvt Ltd",sales@hayrenatarajanandvaidya.biz.in,XXXX XXXX 8617,CNTCO3572D,27CNTCO3572D1ZI,U59703MH2008SJV576345,False,UDYAM-MH-86-5162244,192.81,24345907WOGXQR4860,85.3,Damini Mand,68759558,"Plot 85, Rudrapur Industrial Estate, Uttarakhand - 195374",False
BID_1593,"Kakar, Chhabra and Banik LLP",info@kakarchhabraandbanik.co.in,XXXX XXXX 6929,JIOCZ4956O,24JIOCZ4956O1ZO,L99234GJ2011KFX840764,False,UDYAM-GJ-27-0988094,59.02,24394458XTOGWT0052,29.2,Upma Dugar,43347552,"Plot 40, Manesar Industrial Area, Gurugram - 333098",False
BID_1594,Chand Limited,procurement@chand.biz.in,XXXX XXXX 2217,UMDCH8031P,27UMDCH8031P8ZH,L79985UP2009NYW298419,True,UDYAM-MH-65-6320403,29.28,24284745TJTFVM8314,87.3,Ranbir Ganesh,97002359,"Plot 167, Okhla Industrial Estate, New Delhi - 346292",False
BID_1595,Buch-Keer LLP,bids@buchkeer.com,XXXX XXXX 7775,MNQCW9826L,27MNQCW9826L6ZN,L64112TN2013AIF903214,False,UDYAM-MH-19-6983610,196.47,24554238WHLBLV1229,52.9,Girish Kuruvilla,00796437,"Plot 166, Whitefield Industrial Zone, Bengaluru - 341513",False
BID_1596,Naik-Sunder Limited,sales@naiksunder.biz.in,XXXX XXXX 8280,PYHCK9851M,24PYHCK9851M9ZA,U92266TN2014QND610066,False,UDYAM-GJ-71-2812795,172.12,24643612BJWPEB8242,84.0,Hiral Suri,18681195,"Plot 28, Okhla Industrial Estate, New Delhi - 183773",False
BID_1597,Mittal-Dyal Pvt Ltd,admin@mittaldyal.in,XXXX XXXX 2775,CEUCS8203G,29CEUCS8203G8Z9,U80804KA2013BVN120261,False,UDYAM-KA-65-9030609,217.02,24472117PUSRNN6487,30.7,Vinaya Bhatti,60473235,"Plot 181, Okhla Industrial Estate, New Delhi - 648645",False
BID_1598,"Bumb, Rana and Oak Limited",info@bumbranaandoak.com,XXXX XXXX 3180,NMJCN5065A,29NMJCN5065A4ZV,L31937KA2020PSG914157,False,UDYAM-KA-56-9337165,140.71,24938296EXYXMI3264,78.3,Frederick Balasubramanian,57838322,"Plot 5, Naroda Industrial Estate, Ahmedabad - 959684",False
BID_1599,"Soni, Mandal and Garg LLP",gem.desk@sonimandalandgarg.in,XXXX XXXX 5896,GRRCU9355M,09GRRCU9355M1Z6,L57065GJ2019PUI042496,False,UDYAM-UP-72-1902071,125.41,24320578HYGWVB3189,69.2,Yashawini Dass,71857364,"Plot 187, Whitefield Industrial Zone, Bengaluru - 274486",False
BID_1600,Behl-Konda Pvt Ltd,admin@behlkonda.com,XXXX XXXX 1840,ACWCR1952S,33ACWCR1952S3ZE,U88993GJ2013MWM535154,False,UDYAM-TN-31-9178089,26.15,24788983HMWBZQ7696,69.7,Chakradhar Johal,21276016,"Plot 104, Patparganj Industrial Area, New Delhi - 639977",False
BID_1601,"Mammen, Sura and Kadakia Limited",procurement@mammensuraandkadakia.biz.in,XXXX XXXX 2282,MSYCP7040A,29MSYCP7040A1ZM,L96478TN1997ZZV055228,False,UDYAM-KA-13-7923337,131.25,24818943EPLADE3667,55.9,Chakradev Hegde,30811643,"Plot 58, Okhla Industrial Estate, New Delhi - 980533",False
BID_1602,Sha LLP,sales@sha.com,XXXX XXXX 0674,JGJCU6488R,33JGJCU6488R2ZI,U32859GJ2000HUF567391,False,UDYAM-TN-41-7811915,104.78,24083998NKMBRE0586,93.1,Aishani Kuruvilla,05350075,"Plot 4, Hosur Industrial Estate, Hosur - 716233",False
BID_1603,"Nadkarni, Sehgal and Borra Limited",bids@nadkarnisehgalandborra.biz.in,XXXX XXXX 8282,AAJCO9167V,09AAJCO9167V6Z5,U17936KA2010NHN321972,True,UDYAM-UP-03-4013710,12.63,24045210ZVCZET5878,84.7,Barkha Seshadri,53494738,"Plot 1, Baddi Industrial Area, Himachal Pradesh - 587554",False
BID_1604,Venkataraman-Viswanathan Pvt Ltd,bids@venkataramanviswanathan.com,XXXX XXXX 6433,BPBCT5017Y,07BPBCT5017Y7Z5,U79718GJ2019EAT343053,False,UDYAM-DL-90-1564757,46.96,24494911ZNCYXL9955,37.6,Zayyan Bose,85394429,"Plot 27, Hosur Industrial Estate, Hosur - 454337",False
BID_1605,Varma LLP,info@varma.biz.in,XXXX XXXX 0400,JBOCJ8252D,09JBOCJ8252D7ZG,U81109KA1995NPB058568,True,UDYAM-UP-70-6747072,37.37,24754941CLGVDB8218,55.8,Yamini Upadhyay,27841102,"Plot 181, Guindy Industrial Estate, Chennai - 396409",False
BID_1606,Lalla-Minhas Limited,sales@lallaminhas.com,XXXX XXXX 9603,ZHOCR6423W,33ZHOCR6423W5Z7,U98324MH2012GSS690055,False,UDYAM-TN-63-7778486,30.57,24666595RIJBYV8155,64.4,Falan Talwar,84881183,"Plot 141, Okhla Industrial Estate, New Delhi - 138253",False
BID_1607,Mitter-Deshpande LLP,gem.desk@mitterdeshpande.biz.in,XXXX XXXX 8408,ZHOCX1041O,33ZHOCX1041O7Z7,L77762GJ2004RCQ580225,False,UDYAM-TN-86-8873103,152.73,24417229CAYRCX6460,74.0,Ekiya Madan,89743169,"Plot 102, Noida Sector 63 Industrial Area, Noida - 921763",False
BID_1608,Bhattacharyya-Sunder Limited,gem.desk@bhattacharyyasunder.co.in,XXXX XXXX 8269,EXGCO2357K,27EXGCO2357K8Z3,U85829TN2011YTF998345,True,UDYAM-MH-07-1510486,30.08,24001988QIIWCJ4453,78.1,Saanvi Wagle,79465179,"Plot 93, Noida Sector 63 Industrial Area, Noida - 877743",False
BID_1609,"Puri, Singhal and D’Alia LLP",bids@purisinghalanddalia.co.in,XXXX XXXX 4406,RSRCU4934Z,27RSRCU4934Z9ZO,L11738UP2017QBU381941,False,UDYAM-MH-77-6967688,235.79,24854281LOZWCC3573,68.9,Imaran Comar,57346975,"Plot 179, MIDC Industrial Area, Pune - 566150",False
BID_1610,Murty-Bhatia LLP,info@murtybhatia.in,XXXX XXXX 5178,MRTCP5203N,24MRTCP5203N6Z2,L86056GJ2003QKQ158243,True,UDYAM-GJ-93-3629536,38.41,24793929OBOKGL1590,76.5,Kavya Kala,99612844,"Plot 234, Baddi Industrial Area, Himachal Pradesh - 586462",False
BID_1611,Patla-Sharma LLP,bids@patlasharma.biz.in,XXXX XXXX 8611,SXVCN4610Y,07SXVCN4610Y1Z9,U00652DL2006UIQ148363,True,UDYAM-DL-67-9768871,31.12,24927015VWULRT6363,78.3,Alexander Singhal,61641512,"Plot 24, Whitefield Industrial Zone, Bengaluru - 260702",False
BID_1612,Setty-Patel LLP,admin@settypatel.com,XXXX XXXX 2959,WMJCB5862K,09WMJCB5862K6Z9,L16033KA1997PYH527026,True,UDYAM-UP-08-6665593,22.63,24041178DWGPDG4675,74.3,Udarsh Choudhry,60800312,"Plot 40, Manesar Industrial Area, Gurugram - 571621",False
BID_1613,Bawa Pvt Ltd,sales@bawa.biz.in,XXXX XXXX 2432,KMGCW4663P,27KMGCW4663P1ZH,L12451DL2015QTI273154,False,UDYAM-MH-31-3208417,195.88,24859122YQVNTH5648,50.9,Dakshesh Toor,86725824,"Plot 121, Naroda Industrial Estate, Ahmedabad - 618796",True
BID_1614,Shah-Khanna Pvt Ltd,gem.desk@shahkhanna.com,XXXX XXXX 3027,NRJCK1265N,27NRJCK1265N2ZH,L66206GJ2002AZM783857,False,UDYAM-MH-51-5775768,50.93,24764288WPMGFY6081,65.9,Yatin Gera,56460261,"Plot 147, Whitefield Industrial Zone, Bengaluru - 035573",False
BID_1615,Nori-Sandal Limited,procurement@norisandal.biz.in,XXXX XXXX 4464,IFFCA6012J,24IFFCA6012J4Z5,U00195KA2001YJL163389,True,UDYAM-GJ-70-3402169,22.49,24671775YRNDAB4738,73.4,Aryan Prashad,90815766,"Plot 170, Peenya Industrial Area, Bengaluru - 681626",True
BID_1616,Suresh LLP,bids@suresh.in,XXXX XXXX 7433,SMPCG4447D,09SMPCG4447D4ZP,U69336GJ2013IDJ774979,True,UDYAM-UP-51-3771590,27.40,24106821LSJVNK2873,28.1,Veda Prabhakar,80760557,"Plot 242, Naroda Industrial Estate, Ahmedabad - 476482",False
BID_1617,Dave Limited,admin@dave.co.in,XXXX XXXX 6319,TJYCI9423F,29TJYCI9423F5Z6,U10516GJ2013CIH143450,False,UDYAM-KA-86-9934287,38.73,24424710VMBDFT8038,26.2,Warinder Bera,62018345,"Plot 137, Ambattur Industrial Estate, Chennai - 429124",False
BID_1618,Sani-Chawla LLP,admin@sanichawla.com,XXXX XXXX 7027,KVDCB0758O,07KVDCB0758O7Z4,L95249DL2015KCR989155,False,UDYAM-DL-79-0859707,222.56,24220276XOSHTN7042,54.6,Jatin Barman,29784078,"Plot 131, Patparganj Industrial Area, New Delhi - 726399",False
BID_1619,Saran-Dhaliwal Limited,gem.desk@sarandhaliwal.in,XXXX XXXX 1681,XZECR1800I,27XZECR1800I9ZA,U39684GJ1996TYN737719,True,UDYAM-MH-25-4973141,32.18,24081211SIZINM9280,76.6,Azaan Bakshi,06094883,"Plot 35, Peenya Industrial Area, Bengaluru - 166219",False
BID_1620,Sangha-Cheema Limited,gem.desk@sanghacheema.com,XXXX XXXX 2276,MUDCG2833T,07MUDCG2833T9Z7,L86566KA2007SHE794906,True,UDYAM-DL-62-1223610,31.06,24010202QFKBSB9795,39.5,Ayush Viswanathan,28867963,"Plot 41, Guindy Industrial Estate, Chennai - 080563",False
BID_1621,"Dugal, Bhargava and Bassi LLP",info@dugalbhargavaandbassi.co.in,XXXX XXXX 2424,PBJCB6106E,29PBJCB6106E7ZF,U61042KA2018WDB643029,False,UDYAM-KA-55-1124920,157.88,24540101ZELMAH0283,85.1,Warinder Ganguly,83442268,"Plot 112, Taloja MIDC, Navi Mumbai - 267633",False
BID_1622,Dasgupta-Narayanan LLP,info@dasguptanarayanan.in,XXXX XXXX 7214,SUSCM6083C,24SUSCM6083C3ZQ,L37598KA2016SYF939920,False,UDYAM-GJ-63-2125245,137.82,24284850QBIMLU2687,81.9,Amara Mane,61608182,"Plot 234, Whitefield Industrial Zone, Bengaluru - 972925",False
BID_1623,Som LLP,info@som.in,XXXX XXXX 7468,DZFCH1259T,27DZFCH1259T8ZX,U03689TN2014TMW347275,False,UDYAM-MH-70-3828476,249.33,24510601ISOMMD2407,89.9,Harrison Nazareth,04971107,"Plot 149, Rudrapur Industrial Estate, Uttarakhand - 061172",False
BID_1624,"Hayre, Parekh and Yohannan LLP",info@hayreparekhandyohannan.com,XXXX XXXX 0303,YZSCW5415S,27YZSCW5415S7Z6,U77573DL1995YNX096323,False,UDYAM-MH-17-2896601,18.30,24900024AKAPVU6412,81.9,Manbir Char,85166942,"Plot 144, Okhla Industrial Estate, New Delhi - 208318",False
BID_1625,Bhatti-Kibe Limited,contact@bhattikibe.in,XXXX XXXX 2926,NFDCM9770I,33NFDCM9770I6ZC,L74311DL2013LNI548878,False,UDYAM-TN-27-5963540,15.56,24428850BYTZUC2838,82.7,Vinaya Nazareth,49890384,"Plot 18, Patparganj Industrial Area, New Delhi - 709433",False
BID_1626,Ahluwalia Pvt Ltd,info@ahluwalia.co.in,XXXX XXXX 8810,KFWCY9904F,33KFWCY9904F9Z0,L85832UP2004FVP334165,False,UDYAM-TN-81-8948769,146.83,24489957VFXMYM8912,94.9,Lipika Sanghvi,01798306,"Plot 165, Whitefield Industrial Zone, Bengaluru - 475272",False
BID_1627,Randhawa-Sethi Limited,sales@randhawasethi.biz.in,XXXX XXXX 7843,NSFCH5816N,24NSFCH5816N4ZI,U42417UP2020EFE163064,False,UDYAM-GJ-91-0360702,178.88,24645025THFGZX6353,65.6,Ekaraj Bhat,87969278,"Plot 53, Whitefield Industrial Zone, Bengaluru - 797749",False
BID_1628,Divan-Shetty LLP,admin@divanshetty.co.in,XXXX XXXX 3003,DLKCY2537O,29DLKCY2537O1ZP,U78967DL2021JBO764035,False,UDYAM-KA-82-2150881,75.69,24031972ZPBATC2710,76.3,Tanish Pant,86550628,"Plot 244, Patparganj Industrial Area, New Delhi - 150624",False
BID_1629,Zachariah-Kaul LLP,procurement@zachariahkaul.co.in,XXXX XXXX 2524,BUSCT9071I,27BUSCT9071I2Z0,U44809TN2010UFQ433622,False,UDYAM-MH-12-7104634,226.36,24098671KZYRRG2167,31.3,Ethan Sachar,90081483,"Plot 19, Peenya Industrial Area, Bengaluru - 999889",False
BID_1630,Ramaswamy Pvt Ltd,gem.desk@ramaswamy.co.in,XXXX XXXX 9909,YMVCY6845S,29YMVCY6845S4ZI,U63754KA2020ZSM523026,False,UDYAM-KA-30-8796877,190.46,24022556JYPUGE9941,73.6,Samarth Sethi,70213187,"Plot 1, Rudrapur Industrial Estate, Uttarakhand - 772940",False
BID_1631,Dasgupta PLC Pvt Ltd,admin@dasguptaplc.biz.in,XXXX XXXX 2034,ZZPCT7791C,29ZZPCT7791C7ZX,L27561KA2011JPI557621,True,UDYAM-KA-55-6326686,3.99,24648126FMJYDD8011,87.3,Aashi Gupta,74867000,"Plot 81, Manesar Industrial Area, Gurugram - 690767",False
BID_1632,Prasad LLP,gem.desk@prasad.com,XXXX XXXX 2149,POUCK9275R,29POUCK9275R1ZD,U76770TN2016RVK604487,False,UDYAM-KA-15-3267166,198.72,24482213XPIQXQ9044,66.8,Alka Bir,02052290,"Plot 17, Patparganj Industrial Area, New Delhi - 517586",False
BID_1633,"Choudhury, Som and Som Limited",contact@choudhurysomandsom.com,XXXX XXXX 3036,JOGCH4401H,29JOGCH4401H4ZZ,L61552DL2014FBR417537,False,UDYAM-KA-92-6174149,177.38,24289153RIHSTK8271,84.5,Andrew Basu,45702911,"Plot 9, Baddi Industrial Area, Himachal Pradesh - 527391",False
BID_1634,Pillay Limited,gem.desk@pillay.biz.in,XXXX XXXX 6343,QICCE8616M,24QICCE8616M4ZL,U09558KA2014BNZ324662,True,UDYAM-GJ-52-9324461,2.62,24526739NKFNIA1193,55.4,Balendra Swamy,08920503,"Plot 178, Hosur Industrial Estate, Hosur - 753460",False
BID_1635,Bala Limited,gem.desk@bala.biz.in,XXXX XXXX 6310,HAUCB1244Y,24HAUCB1244Y5ZT,L35422UP2024TDM415744,True,UDYAM-GJ-08-0176233,33.26,24129881LCIUJX0431,70.1,Gautam Dara,37306089,"Plot 206, Sanand GIDC Industrial Area, Ahmedabad - 263786",False
BID_1636,"Halder, Tailor and Shankar LLP",info@haldertailorandshankar.biz.in,XXXX XXXX 1266,UWCCN4796V,07UWCCN4796V4ZH,U31900MH2021FZE373806,True,UDYAM-DL-90-6603914,36.50,24420203ZTOURH4799,56.1,Finn Verma,99966560,"Plot 64, Okhla Industrial Estate, New Delhi - 316105",True
BID_1637,Wagle-Konda LLP,gem.desk@waglekonda.co.in,XXXX XXXX 3876,KUACD5757R,33KUACD5757R9Z0,U55504TN2021UKE179022,False,UDYAM-TN-63-9624916,58.56,24821057SKQSKK2113,54.9,Anthony Baria,00595809,"Plot 222, Patparganj Industrial Area, New Delhi - 489616",False
BID_1638,Brar-Subramaniam Limited,admin@brarsubramaniam.in,XXXX XXXX 8906,SUXCB2722E,24SUXCB2722E9ZV,U33723TN2005DNH227478,False,UDYAM-GJ-13-9291800,205.79,24582077JDFJEN3850,33.8,Laksh Bhavsar,81673833,"Plot 113, Manesar Industrial Area, Gurugram - 432276",False
BID_1639,"Butala, Pall and Patla LLP",procurement@butalapallandpatla.co.in,XXXX XXXX 5612,YDNCF7936G,24YDNCF7936G4ZA,L82930MH1996RLS928616,False,UDYAM-GJ-20-7892860,171.15,24532970BWTOMR3897,88.7,Jagrati Boase,64350495,"Plot 159, Sanand GIDC Industrial Area, Ahmedabad - 880949",False
BID_1640,Modi-Narayan Pvt Ltd,admin@modinarayan.co.in,XXXX XXXX 1239,JYWCO5869N,29JYWCO5869N5ZI,L03077DL2016SRP636049,False,UDYAM-KA-89-7828721,29.57,24481560HXRMTZ4175,71.9,Jackson More,28922215,"Plot 204, Manesar Industrial Area, Gurugram - 869252",False
BID_1641,Saini Pvt Ltd,procurement@saini.co.in,XXXX XXXX 2244,SBHCO9155O,33SBHCO9155O7ZC,L17075TN2004UIJ783362,True,UDYAM-TN-00-4303684,26.85,24184098XWGBFL9463,38.8,Vedant Choudhry,37925660,"Plot 169, Baddi Industrial Area, Himachal Pradesh - 439246",False
BID_1642,Karnik Pvt Ltd,contact@karnik.biz.in,XXXX XXXX 8129,ESQCX7611E,24ESQCX7611E3ZW,L36801TN2001ZAS965899,False,UDYAM-GJ-72-8398918,204.71,24413378FKFYOR4264,23.0,Arin Dasgupta,78370543,"Plot 242, Ambattur Industrial Estate, Chennai - 970953",False
BID_1643,Iyengar-Nazareth Limited,procurement@iyengarnazareth.co.in,XXXX XXXX 9243,IOPCY9565A,33IOPCY9565A8Z5,L74953DL2011NEA808111,False,UDYAM-TN-04-0659884,218.07,24840791CVFGIK5864,83.2,Darsh Oak,10188945,"Plot 68, Patparganj Industrial Area, New Delhi - 758533",False
BID_1644,"Nori, Vohra and Jaggi Pvt Ltd",gem.desk@norivohraandjaggi.com,XXXX XXXX 3998,NDHCZ3032E,24NDHCZ3032E1ZS,L87037GJ2019CCV710806,False,UDYAM-GJ-54-8763669,249.04,24362370YFRUIC7831,47.7,Yashasvi Khalsa,48777947,"Plot 60, MIDC Industrial Area, Pune - 953678",False
BID_1645,"Iyengar, Parekh and Chand Pvt Ltd",contact@iyengarparekhandchand.co.in,XXXX XXXX 4250,GDCCF2614P,33GDCCF2614P9Z5,L52953TN2008EOX629731,True,UDYAM-TN-56-9106647,8.05,24336841WTOVOP9977,33.0,Yuvraj Kari,46366023,"Plot 144, Okhla Industrial Estate, New Delhi - 436502",False
BID_1646,"Walia, Ratti and Chaudhry Pvt Ltd",admin@waliarattiandchaudhry.com,XXXX XXXX 7660,JCGCZ4811J,24JCGCZ4811J6Z4,L79706MH2004NFC819769,False,UDYAM-GJ-05-2976561,55.19,24121392EPFDJU6899,93.2,Wahab Bhargava,49946196,"Plot 100, Baddi Industrial Area, Himachal Pradesh - 975417",False
BID_1647,Walia-Misra LLP,info@waliamisra.co.in,XXXX XXXX 0864,XPWCZ2751U,09XPWCZ2751U3ZL,U01545UP1999ELW709939,False,UDYAM-UP-24-5562124,215.28,24545984MHCWOX7068,23.9,Chakradev Raja,21298855,"Plot 126, Rudrapur Industrial Estate, Uttarakhand - 834399",False
BID_1648,Sood-Ahuja Limited,procurement@soodahuja.co.in,XXXX XXXX 3449,HJQCV0484E,27HJQCV0484E8ZO,L67592KA1995VPA567332,False,UDYAM-MH-84-1623844,179.90,24440494LWXAJO9352,65.8,Onveer Sant,91563070,"Plot 68, Okhla Industrial Estate, New Delhi - 641010",False
BID_1649,"Bassi, Gokhale and Bahl LLP",sales@bassigokhaleandbahl.biz.in,XXXX XXXX 0967,VVFCM6322P,09VVFCM6322P4ZD,U66051DL2021HSW534616,False,UDYAM-UP-94-2807012,244.25,24729542JVEAKB1904,41.7,Warjas Rout,17477899,"Plot 193, Okhla Industrial Estate, New Delhi - 953959",False
BID_1650,Luthra LLP,sales@luthra.com,XXXX XXXX 6478,EZGCO3122Q,24EZGCO3122Q7ZH,U89985UP1997PXM881385,False,UDYAM-GJ-34-7456749,234.61,24744151GXCUCE3610,23.3,Upasna Garg,98357261,"Plot 30, Patparganj Industrial Area, New Delhi - 678359",False
BID_1651,Rama LLP,info@rama.com,XXXX XXXX 6986,UATCO3547D,07UATCO3547D2ZY,L69309TN2019WHC091231,False,UDYAM-DL-66-3830308,26.82,24192161VJRULP1068,26.8,Daniel Handa,84624502,"Plot 105, Guindy Industrial Estate, Chennai - 307702",False
BID_1652,"Dutta, Master and Dey Pvt Ltd",gem.desk@duttamasteranddey.com,XXXX XXXX 9771,BFACE4179B,07BFACE4179B5ZA,U80400KA2020XLJ534348,True,UDYAM-DL-95-1295772,15.53,24577526GIFFTD3464,65.8,Nikita Wali,14653363,"Plot 87, Manesar Industrial Area, Gurugram - 848161",False
BID_1653,Saran-Zacharia Pvt Ltd,admin@saranzacharia.biz.in,XXXX XXXX 7154,BZLCF0671K,07BZLCF0671K2Z8,L00170UP2000ZPZ380588,True,UDYAM-DL-49-1178713,35.53,24996975AEGNTL5823,63.8,Samarth Manda,82106378,"Plot 157, Rudrapur Industrial Estate, Uttarakhand - 049356",False
BID_1654,Dutta Pvt Ltd,sales@dutta.com,XXXX XXXX 9227,JITCD1517S,33JITCD1517S7Z8,L32356GJ2006RUY392670,False,UDYAM-TN-68-6263790,103.79,24039562DNYZQF6454,83.5,Oscar Mann,65118145,"Plot 93, Okhla Industrial Estate, New Delhi - 394658",False
BID_1655,"Garg, Merchant and Sankaran Limited",info@gargmerchantandsankaran.biz.in,XXXX XXXX 0329,NPNCK5652I,09NPNCK5652I9Z7,U28360KA2012NBX569386,False,UDYAM-UP-32-5961515,185.47,24320711CITQMV5666,51.5,Ranbir Mann,24866588,"Plot 157, Rudrapur Industrial Estate, Uttarakhand - 290403",False
BID_1656,"Devi, Maharaj and Mutti Pvt Ltd",admin@devimaharajandmutti.in,XXXX XXXX 4688,LNXCB7600T,24LNXCB7600T4ZY,L49339MH2005VLQ692766,False,UDYAM-GJ-58-7725307,126.59,24777312JWEZCO1150,35.5,Harini Roy,27420887,"Plot 82, Sanand GIDC Industrial Area, Ahmedabad - 643327",False
BID_1657,Balakrishnan-Mander Limited,sales@balakrishnanmander.co.in,XXXX XXXX 3599,JZECY3629T,33JZECY3629T7Z1,L11639KA2007YXA955555,True,UDYAM-TN-64-7344784,35.54,24461558WHRBSK3609,52.0,Jeevika Wadhwa,85483447,"Plot 53, Manesar Industrial Area, Gurugram - 616530",False
BID_1658,Mandal LLP,sales@mandal.biz.in,XXXX XXXX 8548,SURCA2800R,27SURCA2800R1Z5,L51152TN2015ARC845921,False,UDYAM-MH-30-7317043,235.94,24881141ZHMXPN4585,89.2,David Minhas,75601955,"Plot 104, Okhla Industrial Estate, New Delhi - 966934",False
BID_1659,Agate PLC Limited,contact@agateplc.in,XXXX XXXX 5462,QQZCM5082B,27QQZCM5082B6Z7,L51522TN2001TNI363419,True,UDYAM-MH-99-0929288,5.44,24555091FFDQWM5828,33.2,Dalaja Madan,67742432,"Plot 175, Noida Sector 63 Industrial Area, Noida - 840511",False
BID_1660,Agarwal Pvt Ltd,contact@agarwal.in,XXXX XXXX 2539,XZGCL0749F,24XZGCL0749F9ZW,L70175DL2003SPC314613,True,UDYAM-GJ-70-2518558,39.96,24678072MKOYUC3876,78.4,Devika Banerjee,58241157,"Plot 201, Ambattur Industrial Estate, Chennai - 196690",False
BID_1661,Din Pvt Ltd,contact@din.com,XXXX XXXX 3554,VYBCE7214D,09VYBCE7214D8ZG,L71389TN1997GHS552829,False,UDYAM-UP-49-8879705,175.45,24965879NSTDSR1874,33.3,Bishakha Parekh,83738992,"Plot 219, MIDC Industrial Area, Pune - 540569",False
BID_1662,Kalla-Babu Limited,gem.desk@kallababu.co.in,XXXX XXXX 1380,TEFCU9821K,29TEFCU9821K4ZU,L64923MH2003IEM816849,False,UDYAM-KA-57-2140484,49.58,24335419ZMZHSY6752,73.9,Vyanjana Uppal,95225492,"Plot 3, Okhla Industrial Estate, New Delhi - 755785",False
BID_1663,Thaman-Babu Limited,contact@thamanbabu.co.in,XXXX XXXX 2750,PRCCM1537L,29PRCCM1537L2ZS,U02967MH2024REK916644,False,UDYAM-KA-83-1678307,199.52,24230378KSHOLB9412,68.1,Januja Malhotra,86017676,"Plot 179, Patparganj Industrial Area, New Delhi - 697184",False
BID_1664,Nayar Limited,procurement@nayar.com,XXXX XXXX 4615,NMDCF0423T,07NMDCF0423T3ZY,L01650DL2019DDL076534,False,UDYAM-DL-94-3933080,169.02,24393693MIFQPU8630,39.2,Jacob Chhabra,33172133,"Plot 95, Whitefield Industrial Zone, Bengaluru - 213241",False
BID_1665,Kala Limited,gem.desk@kala.biz.in,XXXX XXXX 3280,ZARCM0102A,33ZARCM0102A8ZN,U68131KA2015TEK418832,False,UDYAM-TN-90-1010023,248.01,24217072JVDYQB8665,66.3,Gaurika Badami,61002720,"Plot 13, Naroda Industrial Estate, Ahmedabad - 338388",False
BID_1666,Barad-Jayaraman Pvt Ltd,contact@baradjayaraman.co.in,XXXX XXXX 7777,INNCZ3571B,24INNCZ3571B6ZD,U95779TN2008DXI920706,False,UDYAM-GJ-22-2120550,208.67,24475997AJVCYW3328,47.1,Vrinda Sharaf,61730671,"Plot 37, Taloja MIDC, Navi Mumbai - 607119",False
BID_1667,Ravi-Anand Pvt Ltd,admin@ravianand.co.in,XXXX XXXX 1468,LWKCJ0803Z,33LWKCJ0803Z6ZE,U26097GJ2024UFF827083,False,UDYAM-TN-19-2854714,178.82,24145650MUHGAL3663,79.1,Anvi Reddy,18030285,"Plot 189, Sanand GIDC Industrial Area, Ahmedabad - 525402",False
BID_1668,Kuruvilla Limited,sales@kuruvilla.biz.in,XXXX XXXX 0408,UFHCV8620H,24UFHCV8620H7ZD,U91709UP2005DFG850563,False,UDYAM-GJ-71-4983019,145.69,24380839BSPCFE4680,92.2,Rudra Kamdar,10578971,"Plot 149, Baddi Industrial Area, Himachal Pradesh - 522433",False
BID_1669,Bandi-Sahota Pvt Ltd,sales@bandisahota.in,XXXX XXXX 7310,XYXCQ6851F,09XYXCQ6851F2ZT,U68128MH2001CRT340825,False,UDYAM-UP-86-3719978,96.87,24612707AJWQJP5419,40.9,Dipta Uppal,68647088,"Plot 32, Taloja MIDC, Navi Mumbai - 901796",False
BID_1670,Verma PLC Limited,info@vermaplc.com,XXXX XXXX 2784,MWRCB7597S,27MWRCB7597S8ZX,U88001MH2006ZVW433177,False,UDYAM-MH-22-1346464,154.87,24546168LCSBSA6010,86.0,Chameli Chaudhry,32363590,"Plot 127, Baddi Industrial Area, Himachal Pradesh - 445219",False
BID_1671,"Pingle, Chopra and Kibe Pvt Ltd",contact@pinglechopraandkibe.co.in,XXXX XXXX 9597,YQNCA5293U,33YQNCA5293U1ZS,L03917UP2019YLR261195,False,UDYAM-TN-36-6888733,45.93,24681031ERHHDM7216,47.8,Garima Modi,98415246,"Plot 12, Whitefield Industrial Zone, Bengaluru - 900126",False
BID_1672,Deol-Dash Limited,procurement@deoldash.in,XXXX XXXX 1433,AQVCG3576F,27AQVCG3576F6ZM,U02040GJ2000HVJ973037,True,UDYAM-MH-37-8585313,38.57,24663649YFNIIS4252,60.7,Laksh Padmanabhan,86000575,"Plot 201, Whitefield Industrial Zone, Bengaluru - 611330",False
BID_1673,Peri Pvt Ltd,procurement@peri.com,XXXX XXXX 3452,FJGCF7139X,24FJGCF7139X6Z4,L64809MH2020TVI838129,False,UDYAM-GJ-57-9209671,164.94,24651412EPWEFM0662,92.5,Hredhaan Sandal,97531564,"Plot 78, Taloja MIDC, Navi Mumbai - 777907",False
BID_1674,Brar LLP,procurement@brar.in,XXXX XXXX 8304,HWCCZ5698L,09HWCCZ5698L2ZD,U51460TN1996IUQ056379,True,UDYAM-UP-88-4853416,20.35,24849797NVROWQ4760,20.2,Lakshmi Loyal,29317960,"Plot 47, Hosur Industrial Estate, Hosur - 225431",False
BID_1675,Natt PLC LLP,sales@nattplc.com,XXXX XXXX 7402,CBLCW6399R,29CBLCW6399R4ZU,U16207KA1996JEY207937,False,UDYAM-KA-82-6329193,194.77,24450699YTQCDD8709,42.8,Udant Sami,39293958,"Plot 47, Sanand GIDC Industrial Area, Ahmedabad - 626967",False
BID_1676,Peri-Majumdar LLP,procurement@perimajumdar.co.in,XXXX XXXX 3137,DXICZ1467A,29DXICZ1467A8ZR,L84141UP1998YPT460824,True,UDYAM-KA-43-3817076,1.59,24134764EPYBDQ5588,56.9,Dominic Maharaj,86980149,"Plot 208, Hosur Industrial Estate, Hosur - 419625",False
BID_1677,"Gaba, Handa and Rai LLP",info@gabahandaandrai.co.in,XXXX XXXX 8516,ERVCL1285Z,09ERVCL1285Z8Z1,U79562MH2021NFQ293099,False,UDYAM-UP-46-9321878,17.10,24413169EKBDRO3161,36.3,Turvi Nadkarni,54710509,"Plot 154, Naroda Industrial Estate, Ahmedabad - 212334",False
BID_1678,Bajaj LLP,bids@bajaj.biz.in,XXXX XXXX 6738,BCFCB4784O,29BCFCB4784O1ZJ,U93727MH2018SBF034140,True,UDYAM-KA-15-1330557,16.37,24709233RSUUBQ1369,56.7,Ekbal Chanda,18766394,"Plot 225, Naroda Industrial Estate, Ahmedabad - 567990",False
BID_1679,Sarin-Nair Limited,gem.desk@sarinnair.in,XXXX XXXX 7668,WNDCK8952H,07WNDCK8952H1ZC,L20076KA2023NPA063540,True,UDYAM-DL-77-7976609,25.56,24484240VQLXTU5793,60.5,Falan Pingle,57245985,"Plot 55, Peenya Industrial Area, Bengaluru - 644720",False
BID_1680,Wali Limited,info@wali.biz.in,XXXX XXXX 0472,IIRCP7409H,07IIRCP7409H1ZQ,U63735UP2013FSJ651861,True,UDYAM-DL-84-8827510,15.76,24149699KMUTUW2541,51.5,Amara Badal,12300480,"Plot 132, Ambattur Industrial Estate, Chennai - 478848",False
BID_1681,"Buch, Dugar and Menon Pvt Ltd",info@buchdugarandmenon.com,XXXX XXXX 8137,TIHCL9536O,09TIHCL9536O6ZA,L31505TN2015PKG383141,True,UDYAM-UP-30-3092065,37.97,24698826GVYEZG4208,38.7,Kashish Varughese,43535606,"Plot 208, Peenya Industrial Area, Bengaluru - 281426",False
BID_1682,Hari Pvt Ltd,contact@hari.co.in,XXXX XXXX 3963,VUGCU5778Z,27VUGCU5778Z8ZD,L55400KA2011LRH200459,False,UDYAM-MH-90-8992710,176.84,24453302QHQHSI0071,21.6,Harinakshi Sem,20835318,"Plot 8, Naroda Industrial Estate, Ahmedabad - 494017",True
BID_1683,Narayanan Pvt Ltd,contact@narayanan.biz.in,XXXX XXXX 2580,HTMCT3383O,27HTMCT3383O3ZU,U02810DL2011TWE371049,False,UDYAM-MH-51-5774250,25.41,24873251YKQCQR1007,70.7,Patrick Balasubramanian,52987885,"Plot 203, Hosur Industrial Estate, Hosur - 759123",False
BID_1684,Dey-Tella Limited,admin@deytella.co.in,XXXX XXXX 4460,PKMCC1697B,29PKMCC1697B6Z1,U60364GJ2004YSS033902,False,UDYAM-KA-65-2820836,54.67,24652858RUFSPF0480,92.8,Ekavir Rau,34519234,"Plot 229, MIDC Industrial Area, Pune - 208826",False
BID_1685,Grover LLP,gem.desk@grover.co.in,XXXX XXXX 8417,KYICN1273S,29KYICN1273S7ZH,U49619DL2000WXJ572895,True,UDYAM-KA-55-7671125,21.27,24753933HVKHNW7198,69.6,Nitesh Brahmbhatt,74405790,"Plot 74, Whitefield Industrial Zone, Bengaluru - 867535",False
BID_1686,Deshpande-Gade Limited,sales@deshpandegade.in,XXXX XXXX 2714,NMBCW9152I,07NMBCW9152I9ZA,U30444TN1997JZM144940,False,UDYAM-DL-48-0140051,115.46,24973993WMFITZ1063,82.3,Theodore Joshi,24370122,"Plot 164, Whitefield Industrial Zone, Bengaluru - 976470",False
BID_1687,Dasgupta Pvt Ltd,bids@dasgupta.com,XXXX XXXX 4785,XJLCG4449H,27XJLCG4449H4ZH,L02922GJ2008VAK947652,False,UDYAM-MH-69-2441262,45.72,24102138NHYNOP9258,89.4,Anamika Desai,74619033,"Plot 70, Guindy Industrial Estate, Chennai - 766224",False
BID_1688,"Oommen, Hayre and Mahajan Limited",admin@oommenhayreandmahajan.biz.in,XXXX XXXX 6432,TLFCN3407H,33TLFCN3407H6ZY,L96358KA2007BJJ306640,False,UDYAM-TN-94-3357119,228.56,24858496ZDTEWE3417,45.5,Omya Tella,60745115,"Plot 182, Guindy Industrial Estate, Chennai - 965057",False
BID_1689,Badal-Thaman Limited,info@badalthaman.in,XXXX XXXX 5542,LZECX1506O,33LZECX1506O2Z8,L83125KA2023LMO452256,False,UDYAM-TN-11-6693896,15.95,24499246OMEUAL5000,87.6,Manya Devan,92139805,"Plot 111, Noida Sector 63 Industrial Area, Noida - 826806",False
BID_1690,Bansal-Doctor LLP,procurement@bansaldoctor.in,XXXX XXXX 6857,MXGCA7642P,27MXGCA7642P6Z0,U15648MH2018OXZ686774,False,UDYAM-MH-04-5383282,120.54,24239735FHTZZQ7656,94.7,Brijesh Palla,20172280,"Plot 72, Manesar Industrial Area, Gurugram - 692659",False
BID_1691,Sengupta-Rama Limited,info@senguptarama.biz.in,XXXX XXXX 1926,TKACI5325R,09TKACI5325R9ZK,L09107GJ2014TJR213435,True,UDYAM-UP-01-3522637,6.14,24594690VDFGME6362,88.5,Nathan Hari,91094173,"Plot 13, Taloja MIDC, Navi Mumbai - 121451",True
BID_1692,Jhaveri Limited,procurement@jhaveri.com,XXXX XXXX 7253,MGWCD1169H,27MGWCD1169H2ZR,L47655KA2013ENC052975,False,UDYAM-MH-53-3821097,37.10,24742320LOAAHA1561,56.1,Arjun Cheema,83172085,"Plot 250, Whitefield Industrial Zone, Bengaluru - 343601",False
BID_1693,Sidhu-Mistry Limited,procurement@sidhumistry.biz.in,XXXX XXXX 8877,TEZCJ9023S,33TEZCJ9023S8ZA,L75362UP2024JBH876424,False,UDYAM-TN-66-8096280,218.31,24339914OVUKHU9245,29.0,Zinal Bail,03469742,"Plot 247, Patparganj Industrial Area, New Delhi - 700023",False
BID_1694,Kothari-Bhavsar Pvt Ltd,admin@kotharibhavsar.com,XXXX XXXX 8692,YLGCV7777A,33YLGCV7777A7Z3,L92675KA2018JTE812546,True,UDYAM-TN-46-3962138,31.80,24683076AUFSEH5173,89.2,Ekaja Sha,21176104,"Plot 110, Taloja MIDC, Navi Mumbai - 962027",False
BID_1695,Behl-Kata Limited,gem.desk@behlkata.co.in,XXXX XXXX 4330,IAXCA4288R,24IAXCA4288R7ZQ,L75149KA2001GCL249844,False,UDYAM-GJ-19-3118037,91.26,24656424KWBIWU5451,48.1,Janaki Raj,79947646,"Plot 215, Naroda Industrial Estate, Ahmedabad - 428270",False
BID_1696,Bhagat LLP,gem.desk@bhagat.in,XXXX XXXX 5089,CMICY2696F,07CMICY2696F5ZP,L08985UP2003LEM886343,False,UDYAM-DL-59-8701255,211.97,24921577PQPHSJ1637,77.8,Aadhya Chatterjee,33052746,"Plot 225, Naroda Industrial Estate, Ahmedabad - 001707",False
BID_1697,Loke PLC Pvt Ltd,info@lokeplc.in,XXXX XXXX 8841,ZEDCB9565E,24ZEDCB9565E9ZT,L12622GJ2008AZD047825,True,UDYAM-GJ-16-8640225,7.24,24696655UUIXMC1843,85.6,Upadhriti Soni,36018242,"Plot 52, Okhla Industrial Estate, New Delhi - 136766",False
BID_1698,Bhalla-Maharaj Pvt Ltd,procurement@bhallamaharaj.co.in,XXXX XXXX 1934,YSBCE6910S,24YSBCE6910S6ZO,U25474UP2021WQO224576,True,UDYAM-GJ-99-4132341,18.04,24099096VUSTKE4474,68.6,Viraj Sibal,64647768,"Plot 44, Ambattur Industrial Estate, Chennai - 385817",False
BID_1699,Chawla-Sodhi LLP,info@chawlasodhi.biz.in,XXXX XXXX 4430,MUFCC8997B,07MUFCC8997B7Z4,L76816DL2022YUR801026,True,UDYAM-DL-35-7458184,27.59,24342442DXPWPA5009,91.2,Laksh Bava,86188542,"Plot 198, Naroda Industrial Estate, Ahmedabad - 499115",False
BID_1700,Chawla-Bhatnagar Pvt Ltd,info@chawlabhatnagar.com,XXXX XXXX 5168,BTLCD2133O,33BTLCD2133O7Z4,L38546DL2018CQQ886730,True,UDYAM-TN-06-6368458,13.85,24955243UPRUQI3588,30.6,Tarak Sabharwal,38871050,"Plot 135, Guindy Industrial Estate, Chennai - 539117",False
BID_1701,Khatri-Pathak Limited,sales@khatripathak.biz.in,XXXX XXXX 0838,EAXCU9943P,29EAXCU9943P4Z3,U21347DL2008HQR883886,True,UDYAM-KA-75-2607058,13.55,24210707RBEPWZ3254,55.0,Zaitra Chatterjee,32620172,"Plot 110, Whitefield Industrial Zone, Bengaluru - 727840",False
BID_1702,"Bora, Mammen and Prashad LLP",bids@boramammenandprashad.biz.in,XXXX XXXX 7579,XLECP9705N,33XLECP9705N4ZT,L54536UP2002QMJ589112,False,UDYAM-TN-18-7332346,20.70,24939322KZCLCM7333,62.7,Zarna Buch,63381941,"Plot 176, Hosur Industrial Estate, Hosur - 810900",False
BID_1703,Rattan Pvt Ltd,gem.desk@rattan.biz.in,XXXX XXXX 7677,NCYCE2249Y,09NCYCE2249Y6ZZ,U81518TN2007RIW204563,True,UDYAM-UP-12-2708004,33.27,24036783KMCVNA4142,20.0,Robert Ramanathan,46559048,"Plot 193, Guindy Industrial Estate, Chennai - 928542",False
BID_1704,Sastry-Ramesh Pvt Ltd,sales@sastryramesh.com,XXXX XXXX 2710,LJOCH5279S,33LJOCH5279S2Z9,L16815GJ2016PVE428420,False,UDYAM-TN-17-4494463,78.19,24813222QDCKOH9614,71.4,Eshana Shenoy,19159650,"Plot 47, Whitefield Industrial Zone, Bengaluru - 573777",False
BID_1705,Kala LLP,contact@kala.in,XXXX XXXX 2681,ZSDCJ6548R,24ZSDCJ6548R6Z9,U35112TN1997JGW257653,False,UDYAM-GJ-27-5925957,74.24,24698134MXCXSW5111,91.1,Waida Swamy,28193715,"Plot 150, MIDC Industrial Area, Pune - 194383",False
BID_1706,Raj Pvt Ltd,bids@raj.com,XXXX XXXX 7683,XYWCQ9717Q,09XYWCQ9717Q3Z5,U12430KA2016RFH621897,True,UDYAM-UP-91-2938623,6.80,24597043CIOXOP5033,84.7,Garima Kaur,06539391,"Plot 153, Sanand GIDC Industrial Area, Ahmedabad - 714885",False
BID_1707,Mody Pvt Ltd,admin@mody.in,XXXX XXXX 4113,DAQCV6983P,33DAQCV6983P9Z1,U43906KA2001YHK047227,False,UDYAM-TN-57-3216823,65.67,24468516CFFTEO4630,73.0,Harish Narula,94021539,"Plot 95, Baddi Industrial Area, Himachal Pradesh - 212969",False
BID_1708,Singh-Murthy Limited,procurement@singhmurthy.biz.in,XXXX XXXX 6250,QVECN7280C,33QVECN7280C2Z9,L26036MH2021AAC624481,False,UDYAM-TN-52-7202728,171.05,24002113NCVEYN3258,66.7,Samuel Shankar,61116828,"Plot 52, Taloja MIDC, Navi Mumbai - 082557",False
BID_1709,Butala Limited,gem.desk@butala.in,XXXX XXXX 3542,PMJCQ9263J,24PMJCQ9263J7ZR,U51452KA2011VZE860540,False,UDYAM-GJ-56-7334086,82.06,24031775MHEHSB7419,38.0,Chanchal Zachariah,82695379,"Plot 171, MIDC Industrial Area, Pune - 189867",False
BID_1710,"Chanda, Ahluwalia and Keer Limited",gem.desk@chandaahluwaliaandkeer.in,XXXX XXXX 6622,YZDCU5804P,07YZDCU5804P2Z5,U93521MH1995KVG007185,True,UDYAM-DL-64-0362183,31.42,24463010RQFOPW8965,75.0,Manya Wason,10320086,"Plot 67, Patparganj Industrial Area, New Delhi - 941991",False
BID_1711,Sem-Khalsa Limited,bids@semkhalsa.in,XXXX XXXX 4112,HOWCS8419Y,33HOWCS8419Y5ZW,U61733TN2020QJF955821,True,UDYAM-TN-01-7872190,13.92,24990659GLXYLE7914,74.3,Elijah Krishnan,75271483,"Plot 194, Rudrapur Industrial Estate, Uttarakhand - 719076",False
BID_1712,"Wason, Dani and Varghese Pvt Ltd",info@wasondaniandvarghese.in,XXXX XXXX 1941,FAQCF1425S,09FAQCF1425S6ZV,L69255KA1997CTE554595,True,UDYAM-UP-65-7742283,24.20,24696400PVLYPI8224,44.2,Xalak Chakraborty,80731660,"Plot 124, Rudrapur Industrial Estate, Uttarakhand - 548764",False
BID_1713,"Parikh, Sama and Sandhu LLP",sales@parikhsamaandsandhu.com,XXXX XXXX 3367,WHNCB6309Z,29WHNCB6309Z1Z2,L14679UP2020YFJ476970,False,UDYAM-KA-05-1604050,152.70,24687784IIYZDS3304,64.1,Pranit Dewan,23745000,"Plot 217, Hosur Industrial Estate, Hosur - 118056",False
BID_1714,Pant-Samra Pvt Ltd,contact@pantsamra.co.in,XXXX XXXX 0207,PHVCS2057A,33PHVCS2057A2ZQ,U99039DL2002SAK351265,False,UDYAM-TN-53-2598626,99.93,24735446LBWRPF3819,90.6,Charan Vyas,04344513,"Plot 151, Baddi Industrial Area, Himachal Pradesh - 805614",False
BID_1715,"Sinha, Uppal and Narayan Limited",info@sinhauppalandnarayan.biz.in,XXXX XXXX 7526,IRLCM0936N,09IRLCM0936N4ZI,U87265UP2005OUD517603,False,UDYAM-UP-13-6588564,183.38,24759884XKIZVY2767,70.9,Varsha Sura,45928931,"Plot 33, Manesar Industrial Area, Gurugram - 218355",True
BID_1716,Seshadri-Nagi LLP,admin@seshadrinagi.com,XXXX XXXX 5243,STHCK5267F,24STHCK5267F9ZQ,U75897GJ1998MMU398665,False,UDYAM-GJ-88-3677522,98.47,24377396GQWVFW3255,70.4,Balhaar Solanki,91023441,"Plot 141, Hosur Industrial Estate, Hosur - 224396",False
BID_1717,"Yogi, Mangat and Bail Limited",contact@yogimangatandbail.com,XXXX XXXX 8333,NDGCZ1187K,27NDGCZ1187K9ZE,U64860GJ2015DUG028571,False,UDYAM-MH-42-5389150,244.13,24504553EUUGQD0847,79.8,Sara Goswami,61828082,"Plot 120, Noida Sector 63 Industrial Area, Noida - 482840",False
BID_1718,"Aurora, Lad and Korpal Pvt Ltd",sales@auroraladandkorpal.biz.in,XXXX XXXX 7157,VXXCM9958H,09VXXCM9958H5ZA,U54857DL1997JZO669883,False,UDYAM-UP-20-4530181,209.93,24486675JANCEO6350,49.8,Mugdha Pillay,71978529,"Plot 84, Peenya Industrial Area, Bengaluru - 110512",False
BID_1719,Pal Limited,bids@pal.in,XXXX XXXX 3147,LJZCU6104J,27LJZCU6104J6Z2,U36380TN2013HHX407557,False,UDYAM-MH-22-0653318,99.39,24024748RYWNYO3139,78.7,Ekbal Dixit,37258879,"Plot 249, MIDC Industrial Area, Pune - 373050",False
BID_1720,"Narang, Soman and Sangha LLP",admin@narangsomanandsangha.in,XXXX XXXX 3421,RZLCA5318R,27RZLCA5318R6ZK,U45299MH2003HXK887244,False,UDYAM-MH-92-5368213,28.62,24309597XYHYOE3623,24.7,Ishanvi D’Alia,41153394,"Plot 49, Noida Sector 63 Industrial Area, Noida - 396032",False
BID_1721,Kaur Limited,gem.desk@kaur.biz.in,XXXX XXXX 3515,NFHCZ0247N,29NFHCZ0247N6Z4,L90940KA2006JDK783107,False,UDYAM-KA-70-2303611,41.09,24909312VUQBUF9751,41.9,Ladli Shere,83824794,"Plot 112, Naroda Industrial Estate, Ahmedabad - 359065",False
BID_1722,Menon-Wason Limited,bids@menonwason.co.in,XXXX XXXX 5457,LRDCQ9665S,09LRDCQ9665S8ZN,U19635KA2011HUN315254,False,UDYAM-UP-65-8887922,228.93,24282912RVFJRJ6700,66.4,Ekiya Nagar,31864816,"Plot 7, Naroda Industrial Estate, Ahmedabad - 623854",False
BID_1723,Gulati-Sani LLP,sales@gulatisani.in,XXXX XXXX 7292,ZAJCP6451H,07ZAJCP6451H7ZS,U34657TN2000LZU760025,True,UDYAM-DL-10-8590502,21.25,24312040VYXSOQ4303,29.9,Chatura Raja,52929612,"Plot 28, Sanand GIDC Industrial Area, Ahmedabad - 565644",False
BID_1724,Mani-Bose Pvt Ltd,sales@manibose.co.in,XXXX XXXX 9555,GUHCL2775Y,07GUHCL2775Y3ZG,L11976TN1998OIT525981,False,UDYAM-DL-47-9864523,98.24,24063852IRCOXG1439,75.7,Gaurav Karnik,41978519,"Plot 67, MIDC Industrial Area, Pune - 901200",True
BID_1725,"Natarajan, Shenoy and Kapoor LLP",bids@natarajanshenoyandkapoor.com,XXXX XXXX 1196,XMPCP6789A,29XMPCP6789A7ZC,U32698MH2022PRP558124,False,UDYAM-KA-04-9696311,221.87,24904346HTUZHK3732,81.9,Faqid Soman,14460923,"Plot 9, Whitefield Industrial Zone, Bengaluru - 873873",False
BID_1726,Lata-Pandya Limited,sales@latapandya.biz.in,XXXX XXXX 3471,BRLCM6683E,29BRLCM6683E7ZI,U93176GJ2000WBE416645,True,UDYAM-KA-66-9982862,25.42,24498886FCZKVX2801,39.0,Leena Kurian,80009318,"Plot 16, Peenya Industrial Area, Bengaluru - 404203",False
BID_1727,Karnik Pvt Ltd,procurement@karnik.biz.in,XXXX XXXX 9840,IFGCI4317D,24IFGCI4317D2ZS,L73433GJ2007CMU611668,True,UDYAM-GJ-17-6215297,8.49,24340427QGHRZR4777,61.5,Mugdha Menon,02218742,"Plot 242, Peenya Industrial Area, Bengaluru - 277326",False
BID_1728,"Kapur, Dash and Malhotra Pvt Ltd",procurement@kapurdashandmalhotra.in,XXXX XXXX 3979,MHKCP4864D,27MHKCP4864D8ZT,U25820DL2011NEL072828,False,UDYAM-MH-18-6152007,228.30,24447327AEMDRB6484,69.7,Ira Bansal,26487059,"Plot 67, Baddi Industrial Area, Himachal Pradesh - 822105",False
BID_1729,"Barman, Butala and Biswas LLP",admin@barmanbutalaandbiswas.in,XXXX XXXX 2121,UNXCM6773L,24UNXCM6773L8ZI,U46873KA2016OST089343,False,UDYAM-GJ-01-6648178,220.17,24272820VBDWWC3539,71.3,Ekavir Thaman,44297653,"Plot 190, Rudrapur Industrial Estate, Uttarakhand - 226356",False
BID_1730,"Sami, Soni and Subramaniam Limited",admin@samisoniandsubramaniam.co.in,XXXX XXXX 4917,GLOCX5329O,24GLOCX5329O4Z4,U43436MH1998RFT851852,False,UDYAM-GJ-73-4124761,218.23,24618681VAQRSS8478,76.8,Samesh Wagle,41412125,"Plot 7, Hosur Industrial Estate, Hosur - 598244",False
BID_1731,Dey-Prasad Limited,contact@deyprasad.in,XXXX XXXX 1726,YFVCY7467M,09YFVCY7467M6ZJ,U73376DL2002BOY801300,False,UDYAM-UP-69-0307259,118.72,24517746VYIUKK3625,33.4,Rayaan Sachar,48196591,"Plot 127, Okhla Industrial Estate, New Delhi - 607699",False
BID_1732,Luthra-Kala Pvt Ltd,bids@luthrakala.in,XXXX XXXX 8172,OVPCF7325E,24OVPCF7325E2ZI,L55962KA2018DZK661102,True,UDYAM-GJ-17-0743776,33.08,24527873RJHRJC9526,77.3,Manthan Kumar,83432430,"Plot 128, Noida Sector 63 Industrial Area, Noida - 843004",False
BID_1733,"Singhal, Devan and Mane Limited",sales@singhaldevanandmane.biz.in,XXXX XXXX 5985,KNYCA0556H,29KNYCA0556H6Z4,L33188GJ2008NYG765750,True,UDYAM-KA-33-2302879,11.53,24302356WIMQRD5923,74.2,Yatin Nayar,05146026,"Plot 230, Sanand GIDC Industrial Area, Ahmedabad - 166267",False
BID_1734,Uppal Limited,procurement@uppal.co.in,XXXX XXXX 6598,YUNCJ5485V,29YUNCJ5485V6Z6,U66168KA2019FJF836864,False,UDYAM-KA-28-2756062,63.24,24716636YPIBXF3142,66.7,Tara Mane,50421994,"Plot 240, Noida Sector 63 Industrial Area, Noida - 588443",False
BID_1735,"Raman, Boase and Arya Limited",sales@ramanboaseandarya.co.in,XXXX XXXX 4581,KJACQ9208E,07KJACQ9208E6ZO,L25462GJ1996RVK623530,True,UDYAM-DL-37-2239761,37.64,24482481TNKSLX4730,22.8,Sara Wagle,59896240,"Plot 86, Naroda Industrial Estate, Ahmedabad - 398727",False
BID_1736,"Barad, Virk and Balay LLP",contact@baradvirkandbalay.co.in,XXXX XXXX 3146,MKPCI6079L,27MKPCI6079L4Z0,U34601KA2015PRE653496,False,UDYAM-MH-05-9214021,17.93,24653523KCDMGF6367,36.9,Jonathan Sehgal,88643890,"Plot 63, Guindy Industrial Estate, Chennai - 631932",False
BID_1737,Cheema Limited,sales@cheema.co.in,XXXX XXXX 9656,UDOCA9507B,27UDOCA9507B2ZO,U62972KA2011EMX885799,True,UDYAM-MH-82-6151365,2.90,24716354RHUOUV2313,71.4,Kamala Sachdeva,40199788,"Plot 156, Ambattur Industrial Estate, Chennai - 817294",False
BID_1738,"Sengupta, Anand and Ramanathan LLP",contact@senguptaanandandramanathan.com,XXXX XXXX 6640,TUBCX3268V,24TUBCX3268V2ZW,L25245TN2010TRK236995,True,UDYAM-GJ-86-7613317,3.69,24597013FBJWAG3254,41.3,Triveni Rajan,11680344,"Plot 83, Baddi Industrial Area, Himachal Pradesh - 386793",False
BID_1739,Chanda-Mander Pvt Ltd,sales@chandamander.co.in,XXXX XXXX 6924,MTWCW7222N,07MTWCW7222N6ZO,U64625MH2004CUZ112283,True,UDYAM-DL-09-5060829,2.04,24206639DAJLJC4841,24.4,Mitesh Majumdar,19047010,"Plot 83, Whitefield Industrial Zone, Bengaluru - 406693",False
BID_1740,Kaul-Master Limited,gem.desk@kaulmaster.biz.in,XXXX XXXX 1995,RPHCX0974O,09RPHCX0974O8Z8,U55380KA1995VJC083938,False,UDYAM-UP-85-6131056,67.49,24928018CITEZE1804,47.1,Aayush Saran,22784372,"Plot 30, Manesar Industrial Area, Gurugram - 513974",False
BID_1741,Viswanathan-Bhakta LLP,admin@viswanathanbhakta.co.in,XXXX XXXX 3640,CRUCP6462W,07CRUCP6462W7ZI,L50796MH2009ZKQ090044,False,UDYAM-DL-73-5973674,85.85,24618119MELGYY0084,66.2,Abhimanyu Khurana,75805560,"Plot 34, Patparganj Industrial Area, New Delhi - 941068",False
BID_1742,Yogi-Palla Pvt Ltd,sales@yogipalla.co.in,XXXX XXXX 5835,QZFCV3926M,24QZFCV3926M8Z4,L47496GJ2015VLS432070,False,UDYAM-GJ-62-9517984,155.35,24225008FYPAUS3739,31.3,Fiyaz Upadhyay,26419269,"Plot 3, Peenya Industrial Area, Bengaluru - 967746",False
BID_1743,Lal-Issac Limited,sales@lalissac.in,XXXX XXXX 2040,XIVCF9318F,27XIVCF9318F7Z2,L74287TN2005LAR705077,False,UDYAM-MH-11-4778188,48.65,24951897GKLFYX3810,41.6,Faris Mital,17067608,"Plot 140, Noida Sector 63 Industrial Area, Noida - 543371",False
BID_1744,Mukhopadhyay-Jha Pvt Ltd,info@mukhopadhyayjha.in,XXXX XXXX 5969,RRRCM9815J,29RRRCM9815J1ZA,U88696GJ2023GAI218994,True,UDYAM-KA-62-3311678,18.32,24995900IMFSTA4363,56.4,Sarthak Toor,00712754,"Plot 120, Hosur Industrial Estate, Hosur - 655025",False
BID_1745,Parsa-Hayre Limited,info@parsahayre.com,XXXX XXXX 2221,ZEKCZ3821J,27ZEKCZ3821J6ZC,L94405GJ2015SRP850313,False,UDYAM-MH-40-8569485,158.88,24280913FOPERQ5018,66.6,Unnati Sem,88084353,"Plot 48, Guindy Industrial Estate, Chennai - 353200",False
BID_1746,Anand PLC Limited,contact@anandplc.co.in,XXXX XXXX 7628,GOGCF1227T,07GOGCF1227T9ZZ,U50400MH2000DSQ523332,False,UDYAM-DL-80-5435016,163.62,24116302EABODZ5488,94.0,Riya Divan,12525037,"Plot 87, Whitefield Industrial Zone, Bengaluru - 899545",False
BID_1747,Seshadri Limited,sales@seshadri.in,XXXX XXXX 5083,NBMCM6896N,24NBMCM6896N8ZI,U16249DL1996QCT200899,True,UDYAM-GJ-08-0896758,9.63,24267902ZZZZCP5417,23.0,Azad Kari,91485256,"Plot 1, Noida Sector 63 Industrial Area, Noida - 554598",False
BID_1748,"Mall, Lad and Ratti Limited",admin@mallladandratti.biz.in,XXXX XXXX 4782,ULTCI8371D,27ULTCI8371D6ZW,U25850TN2012TFU942829,True,UDYAM-MH-02-0450160,30.18,24048837CQXVDA8195,52.4,Chandresh Bava,52999523,"Plot 248, Patparganj Industrial Area, New Delhi - 161784",False
BID_1749,Nagar-Dhillon Pvt Ltd,sales@nagardhillon.in,XXXX XXXX 4359,QBYCI6810Y,27QBYCI6810Y4ZS,L52024GJ2008MAJ909741,False,UDYAM-MH-76-8996632,44.89,24421633HLGSYJ5515,51.6,Hemang Morar,74989395,"Plot 65, Ambattur Industrial Estate, Chennai - 012746",False
BID_1750,"Baria, Modi and Arya LLP",admin@bariamodiandarya.biz.in,XXXX XXXX 4623,RSGCS6373D,29RSGCS6373D8ZE,L04545DL2001ATE279886,True,UDYAM-KA-47-9250405,23.33,24259854RBLZRN6872,79.7,Jasmit Singh,71089371,"Plot 169, Noida Sector 63 Industrial Area, Noida - 343029",False
BID_1751,Barad Limited,info@barad.co.in,XXXX XXXX 2062,YZACB3713R,07YZACB3713R5ZK,L06117KA2002VRD607875,False,UDYAM-DL-70-3946857,112.72,24783475NKSKWD2759,54.7,Dalbir Tiwari,38247114,"Plot 80, Noida Sector 63 Industrial Area, Noida - 836997",True
BID_1752,Pandey Limited,admin@pandey.biz.in,XXXX XXXX 9846,RDXCG8837I,24RDXCG8837I3Z9,U51995KA2011WUV084547,False,UDYAM-GJ-68-3616592,205.53,24772074YSYPBL0075,88.6,Liam Khalsa,95162117,"Plot 163, Naroda Industrial Estate, Ahmedabad - 459616",False
BID_1753,Arora Pvt Ltd,admin@arora.in,XXXX XXXX 5058,WTVCL8534Y,29WTVCL8534Y1ZV,L31842GJ2020VRY564103,False,UDYAM-KA-00-0732225,198.37,24754544FNPKYV1828,61.1,Fitan Atwal,57050586,"Plot 95, Guindy Industrial Estate, Chennai - 707469",False
BID_1754,"Pant, Nigam and Bhatt LLP",contact@pantnigamandbhatt.co.in,XXXX XXXX 9777,OQFCL1957E,29OQFCL1957E2ZA,U34050UP2008XYX606990,False,UDYAM-KA-75-3494528,154.64,24489281TBHJDP6653,83.1,Advaith Sarma,94596284,"Plot 3, Baddi Industrial Area, Himachal Pradesh - 532763",False
BID_1755,"Varma, Kaur and Madan Limited",bids@varmakaurandmadan.biz.in,XXXX XXXX 1236,ORZCX5353T,33ORZCX5353T6ZL,L02867TN2002DSU439756,True,UDYAM-TN-99-1864080,32.79,24647490FHINLW8598,45.5,Vedika Chana,33372163,"Plot 49, Whitefield Industrial Zone, Bengaluru - 054305",False
BID_1756,Amble Pvt Ltd,sales@amble.co.in,XXXX XXXX 2386,PKICS2347V,33PKICS2347V6Z4,L09256KA2023QRV111329,True,UDYAM-TN-47-2230484,3.59,24637451HVJJEQ8904,88.8,Ranveer Nath,27647553,"Plot 230, Patparganj Industrial Area, New Delhi - 471547",False
BID_1757,"Loyal, Bhakta and Thaker Limited",info@loyalbhaktaandthaker.co.in,XXXX XXXX 1675,MCXCA4272X,07MCXCA4272X7ZG,L48811UP2012EFC500811,False,UDYAM-DL-35-8622169,170.82,24141805SLTODV3475,87.7,Inaya Rai,18211765,"Plot 167, Okhla Industrial Estate, New Delhi - 659952",False
BID_1758,Wason LLP,gem.desk@wason.co.in,XXXX XXXX 2115,QVUCM1833J,33QVUCM1833J1ZN,U12756UP2023LJK477749,True,UDYAM-TN-05-3050532,21.70,24273563ZXBLOL6970,31.9,Pooja Mistry,42847365,"Plot 97, Guindy Industrial Estate, Chennai - 622653",False
BID_1759,Basu-Shanker LLP,sales@basushanker.in,XXXX XXXX 8377,RAACN8358O,24RAACN8358O6ZC,U82634DL2018OTB115306,False,UDYAM-GJ-51-1764645,124.93,24974426KPBZPC8523,29.6,Abha Muni,25986030,"Plot 35, Manesar Industrial Area, Gurugram - 024764",False
BID_1760,Parmar Limited,info@parmar.co.in,XXXX XXXX 0794,KTFCL1173F,29KTFCL1173F8ZO,L75790MH2007OOJ150273,False,UDYAM-KA-69-0580929,143.15,24666637EVGIEI9333,38.0,Bhavika Kannan,79529917,"Plot 245, Okhla Industrial Estate, New Delhi - 039066",False
BID_1761,Arya Pvt Ltd,bids@arya.in,XXXX XXXX 7593,BCRCY0466S,29BCRCY0466S8ZP,U50154DL2013YYS706181,False,UDYAM-KA-82-5433414,245.80,24790349IYFJXB3805,32.4,Sara Sekhon,53161313,"Plot 180, Guindy Industrial Estate, Chennai - 113684",False
BID_1762,Naidu-Mohanty Pvt Ltd,admin@naidumohanty.co.in,XXXX XXXX 9825,JAQCF5736H,33JAQCF5736H4ZT,U42284UP2024SHX454340,False,UDYAM-TN-18-4560321,185.76,24160203YGOMYG5059,63.1,Hredhaan Grewal,08315215,"Plot 42, Ambattur Industrial Estate, Chennai - 289341",False
BID_1763,Parmer Limited,sales@parmer.co.in,XXXX XXXX 2934,ZVGCZ4077C,07ZVGCZ4077C6Z5,U85092MH2000EYF893794,False,UDYAM-DL-43-3950047,157.20,24078158PFWZWO7353,55.0,Thomas Tandon,73096866,"Plot 145, Okhla Industrial Estate, New Delhi - 765303",False
BID_1764,"Chaudhry, Verma and Bhatti LLP",sales@chaudhryvermaandbhatti.biz.in,XXXX XXXX 8780,KAECW1157R,29KAECW1157R4ZF,L42554GJ2024YWV401919,False,UDYAM-KA-12-0441746,78.36,24837803OGCTZK6686,23.6,Oscar Uppal,20136606,"Plot 35, Patparganj Industrial Area, New Delhi - 140152",False
BID_1765,Sagar-Bora LLP,bids@sagarbora.in,XXXX XXXX 2464,APECC8475T,24APECC8475T6ZS,L21922GJ2006YAR104871,False,UDYAM-GJ-08-5771581,222.73,24454069ZNDJPN0618,22.8,Rayaan Dutt,39423313,"Plot 112, Sanand GIDC Industrial Area, Ahmedabad - 403358",True
BID_1766,Pall Pvt Ltd,bids@pall.co.in,XXXX XXXX 0058,GOFCF6325C,29GOFCF6325C8Z9,U40865MH1999PDN464691,False,UDYAM-KA-14-1294606,170.94,24684329CWCUIJ9150,61.8,Harsh Chaudhry,32173622,"Plot 66, Manesar Industrial Area, Gurugram - 291087",True
BID_1767,Mammen-Sahni Limited,gem.desk@mammensahni.biz.in,XXXX XXXX 6401,CGYCW9655L,09CGYCW9655L9ZU,U08585UP2006FAX488408,True,UDYAM-UP-18-5333679,34.14,24188947HHVTFR9401,42.7,Shravya Dara,96223387,"Plot 83, Noida Sector 63 Industrial Area, Noida - 649488",False
BID_1768,Din PLC Pvt Ltd,admin@dinplc.biz.in,XXXX XXXX 6983,FRTCG7116T,29FRTCG7116T5ZF,L52449MH2018WKN747518,False,UDYAM-KA-34-4061289,45.62,24355124MMTWCF1387,57.1,Banjeet Sabharwal,11864653,"Plot 236, Baddi Industrial Area, Himachal Pradesh - 823349",False
BID_1769,"Sastry, Anand and Keer Pvt Ltd",procurement@sastryanandandkeer.com,XXXX XXXX 1747,QCDCL0863B,24QCDCL0863B8ZW,L30209MH2005FQU689408,False,UDYAM-GJ-84-7684170,115.36,24293227RIAQBC5570,64.0,Hemangini Anne,26462985,"Plot 44, Rudrapur Industrial Estate, Uttarakhand - 300854",False
BID_1770,Desai Pvt Ltd,admin@desai.in,XXXX XXXX 8277,GGQCS8252X,29GGQCS8252X1ZA,L10321GJ2021LMR893469,True,UDYAM-KA-27-3357375,25.99,24829911NBHNUV1575,53.4,Balvan Gill,75050037,"Plot 153, Hosur Industrial Estate, Hosur - 546442",False
BID_1771,"Narasimhan, Dada and Tak Pvt Ltd",sales@narasimhandadaandtak.in,XXXX XXXX 2788,ZAPCF6841E,24ZAPCF6841E3Z6,L75546MH2006NTY279562,True,UDYAM-GJ-94-9290364,33.20,24598952XCNNLU6601,68.4,Sneha Goyal,02302260,"Plot 11, Patparganj Industrial Area, New Delhi - 257141",False
BID_1772,Nazareth-Mitra Pvt Ltd,admin@nazarethmitra.biz.in,XXXX XXXX 1786,CHVCJ9366G,07CHVCJ9366G9ZC,U76083DL2008URW855187,False,UDYAM-DL-83-3640717,83.71,24898306JRRPUW0544,74.4,Kabir Saraf,98715198,"Plot 38, Patparganj Industrial Area, New Delhi - 113958",False
BID_1773,Sur Limited,sales@sur.in,XXXX XXXX 8765,ZJSCB5741Z,29ZJSCB5741Z4ZN,L80378MH2002JPT242256,False,UDYAM-KA-15-8670114,157.50,24363297PTHJTH8658,47.2,Faraj Biswas,00599099,"Plot 166, MIDC Industrial Area, Pune - 540345",True
BID_1774,Goda LLP,bids@goda.biz.in,XXXX XXXX 4805,JXYCN1270V,33JXYCN1270V9ZR,U71505UP2010HOX308195,False,UDYAM-TN-45-1098877,63.55,24173479JFTYLC0185,25.8,Yashica Bala,45281308,"Plot 128, Noida Sector 63 Industrial Area, Noida - 266327",False
BID_1775,"Wason, Dani and Warrior Limited",procurement@wasondaniandwarrior.co.in,XXXX XXXX 4826,HZKCR4836Z,09HZKCR4836Z5Z1,L85295GJ2024HKE283213,True,UDYAM-UP-49-9014700,17.67,24034284MCSQDU3567,59.4,Jyoti Kaur,30170592,"Plot 205, Ambattur Industrial Estate, Chennai - 818188",False
BID_1776,Pandey Pvt Ltd,bids@pandey.in,XXXX XXXX 6619,IASCY1128U,27IASCY1128U7ZJ,L63794TN2014TNM099276,False,UDYAM-MH-09-2192668,196.09,24476760NBNBTC2509,33.7,Kashish Sampath,99883833,"Plot 11, Okhla Industrial Estate, New Delhi - 207483",False
BID_1777,"Bobal, Bajaj and Wable Pvt Ltd",info@bobalbajajandwable.com,XXXX XXXX 8628,TCZCD6118Q,27TCZCD6118Q1ZS,L32575UP2002YEQ593349,False,UDYAM-MH-84-6308310,40.18,24362889NFNMZK3541,61.8,Ansh Modi,25607416,"Plot 81, Hosur Industrial Estate, Hosur - 935885",False
BID_1778,Salvi Pvt Ltd,gem.desk@salvi.biz.in,XXXX XXXX 5597,IYJCQ1478H,27IYJCQ1478H3ZR,L40059TN1998QUN773659,False,UDYAM-MH-23-4248247,148.18,24848097LCYCIG8070,90.8,Hardik Kohli,23213724,"Plot 52, Rudrapur Industrial Estate, Uttarakhand - 582590",False
BID_1779,Raghavan-Gupta Limited,contact@raghavangupta.biz.in,XXXX XXXX 3473,POXCW1336T,29POXCW1336T6ZX,L04056MH2007CWB670985,True,UDYAM-KA-60-2212892,21.55,24330222QDTKCD1997,91.2,Kashish Virk,97199444,"Plot 177, Baddi Industrial Area, Himachal Pradesh - 822664",False
BID_1780,Balay-Bose Limited,contact@balaybose.in,XXXX XXXX 7432,THJCE9952C,09THJCE9952C5ZU,L59279DL2011QQR405555,True,UDYAM-UP-58-0127505,27.99,24714237AZTPRI1266,76.8,Aashi Bhagat,88729406,"Plot 13, Manesar Industrial Area, Gurugram - 900282",False
BID_1781,Sastry-Gade Pvt Ltd,info@sastrygade.in,XXXX XXXX 8793,HDCCS9279V,24HDCCS9279V6ZC,L55999UP2007RAB321996,True,UDYAM-GJ-10-8439329,3.00,24202302FSPIUJ8489,92.1,Ekaja Loke,98244459,"Plot 41, Rudrapur Industrial Estate, Uttarakhand - 533102",False
BID_1782,"Mitter, Parmer and Divan Limited",procurement@mitterparmeranddivan.biz.in,XXXX XXXX 4651,JDCCD1292Q,33JDCCD1292Q2ZO,L05362TN2002WAL832280,False,UDYAM-TN-53-4621810,181.10,24575371HKJVLL4055,79.2,Hamsini Lad,51376349,"Plot 9, MIDC Industrial Area, Pune - 836241",False
BID_1783,"Mohan, Jha and Tella Pvt Ltd",sales@mohanjhaandtella.com,XXXX XXXX 2825,PGYCD2481U,24PGYCD2481U1Z4,U76695UP1997UNI291108,False,UDYAM-GJ-40-0560098,175.15,24308117XPEFQR7471,29.4,Xalak Bail,01758943,"Plot 205, MIDC Industrial Area, Pune - 572359",False
BID_1784,"Gade, Pant and Dora Limited",gem.desk@gadepantanddora.com,XXXX XXXX 2600,HQLCC7028U,07HQLCC7028U6ZG,U63190KA2002LRF549848,False,UDYAM-DL-49-9166136,51.49,24670349PCQPML8373,83.3,Harish Naik,21301945,"Plot 207, Taloja MIDC, Navi Mumbai - 202621",False
BID_1785,Venkataraman LLP,procurement@venkataraman.co.in,XXXX XXXX 5700,ARXCU0559S,33ARXCU0559S4ZA,U14613TN2015VLA066347,True,UDYAM-TN-93-1649009,2.26,24979048WEBJBZ8483,31.3,Ethan Kumer,53147054,"Plot 189, MIDC Industrial Area, Pune - 736258",False
BID_1786,Vala Pvt Ltd,admin@vala.com,XXXX XXXX 9863,EBKCA8942W,33EBKCA8942W7ZJ,L84451GJ2018KTJ364659,False,UDYAM-TN-55-8203165,128.25,24318261GSSCOS1534,33.1,Naksh Sha,96845012,"Plot 48, Taloja MIDC, Navi Mumbai - 152254",False
BID_1787,"Madan, Vora and Saxena Pvt Ltd",contact@madanvoraandsaxena.com,XXXX XXXX 8895,TASCO5051D,29TASCO5051D7ZF,L15349DL1999UID417438,False,UDYAM-KA-28-2183061,168.69,24641632JKQVXM3705,39.4,Riya Mannan,31065693,"Plot 143, Baddi Industrial Area, Himachal Pradesh - 918542",False
BID_1788,Acharya-Bajwa Pvt Ltd,procurement@acharyabajwa.biz.in,XXXX XXXX 0159,AZZCB0771H,27AZZCB0771H3ZG,L11522TN2016INQ094526,False,UDYAM-MH-63-9738382,151.68,24640287QLGUQM1988,43.5,Wishi Sidhu,83395605,"Plot 223, Rudrapur Industrial Estate, Uttarakhand - 610276",False
BID_1789,Wali-Bera Pvt Ltd,admin@walibera.in,XXXX XXXX 9205,MUTCX3984J,27MUTCX3984J6ZI,L27472TN2012WGM644593,True,UDYAM-MH-51-1294324,31.08,24561989JBLFAS1507,34.7,Widisha Toor,51157944,"Plot 137, Okhla Industrial Estate, New Delhi - 266948",False
BID_1790,Banerjee Limited,admin@banerjee.biz.in,XXXX XXXX 9955,PZZCX6604W,09PZZCX6604W1ZD,U34128KA2014BAE836282,False,UDYAM-UP-24-0289132,224.75,24654763UEEFRR7597,86.3,Nathan Bhatt,33916539,"Plot 203, Naroda Industrial Estate, Ahmedabad - 610154",False
BID_1791,"Soman, Jani and Taneja Limited",contact@somanjaniandtaneja.com,XXXX XXXX 4662,GFYCT1034E,24GFYCT1034E2ZK,L87494UP2010PCL235622,False,UDYAM-GJ-15-4397839,51.72,24882465WNJOEG3226,65.1,Rajeshri Baria,16351352,"Plot 86, Patparganj Industrial Area, New Delhi - 961741",False
BID_1792,"Wali, Sagar and Ray Pvt Ltd",admin@walisagarandray.biz.in,XXXX XXXX 0855,EMGCY9344J,07EMGCY9344J8ZB,L46694UP2012OUT582616,True,UDYAM-DL-06-9734832,36.59,24008487REDZZQ2725,38.0,Jagrati Bora,55812361,"Plot 240, Peenya Industrial Area, Bengaluru - 637833",False
BID_1793,Nanda-Misra Pvt Ltd,sales@nandamisra.com,XXXX XXXX 5817,NMJCH3376Q,09NMJCH3376Q6Z5,L49313MH2013QVU734601,True,UDYAM-UP-82-3757538,38.14,24438596KOQSNO7142,79.1,Faris Merchant,69462407,"Plot 78, Manesar Industrial Area, Gurugram - 693783",False
BID_1794,Bava-Atwal LLP,info@bavaatwal.com,XXXX XXXX 8327,SNACA2412P,29SNACA2412P1ZA,L40805TN1997VGF917578,False,UDYAM-KA-62-7583911,122.96,24812316WUZAMX4558,94.9,Nikita Shankar,97844090,"Plot 157, Okhla Industrial Estate, New Delhi - 715199",False
BID_1795,Lanka Limited,info@lanka.co.in,XXXX XXXX 0996,RIUCS9602O,33RIUCS9602O4ZF,U61757MH1999TBS750515,False,UDYAM-TN-75-4848242,130.79,24429032QGLTLI5912,79.1,Madhav Mutti,75921068,"Plot 192, Okhla Industrial Estate, New Delhi - 729802",False
BID_1796,Dugal-Gour Pvt Ltd,contact@dugalgour.co.in,XXXX XXXX 4967,CRVCD1024B,29CRVCD1024B8ZQ,L54182UP2006SWJ040530,False,UDYAM-KA-72-3319494,5.70,24545558HJMMXY7022,79.6,Tanish Mall,89502522,"Plot 245, Whitefield Industrial Zone, Bengaluru - 473194",False
BID_1797,Deep LLP,sales@deep.com,XXXX XXXX 8294,COBCC0222Y,27COBCC0222Y2Z9,U51566TN2021UNT709549,False,UDYAM-MH-89-1917902,81.15,24935418VQOTSK0275,84.0,Tanveer Gour,35653302,"Plot 155, Noida Sector 63 Industrial Area, Noida - 597472",False
BID_1798,Subramanian-Ravel Limited,admin@subramanianravel.in,XXXX XXXX 5232,MDYCY6423S,09MDYCY6423S6ZW,L45697MH2016XQJ459609,True,UDYAM-UP-43-9333624,37.75,24598459TMERBH6217,57.4,Ishwar Salvi,93820134,"Plot 117, Okhla Industrial Estate, New Delhi - 165366",False
BID_1799,Gera-Goyal LLP,contact@geragoyal.co.in,XXXX XXXX 5571,ZQMCC7590F,24ZQMCC7590F5Z3,L59773MH2020XCL433878,False,UDYAM-GJ-10-1724581,197.46,24787957ZQSQHE0221,94.4,Pavani Din,61715524,"Plot 239, Sanand GIDC Industrial Area, Ahmedabad - 706193",False
BID_1800,"Ghose, Wable and Ray Limited",sales@ghosewableandray.com,XXXX XXXX 4779,VXQCK7349X,09VXQCK7349X6Z8,L92819KA2021GLV308299,False,UDYAM-UP-78-5273471,91.26,24304962NKROQD1581,29.5,Gunbir Shroff,39640992,"Plot 5, Rudrapur Industrial Estate, Uttarakhand - 303475",False
BID_1801,Sachar PLC Limited,gem.desk@sacharplc.co.in,XXXX XXXX 5773,IMOCJ1512K,07IMOCJ1512K5ZW,L26823KA2011PGT395709,False,UDYAM-DL-90-9705494,207.56,24329027ZZOIXS3013,44.9,Aryan Menon,14640801,"Plot 39, Ambattur Industrial Estate, Chennai - 268081",False
BID_1802,Acharya Pvt Ltd,info@acharya.biz.in,XXXX XXXX 4912,IZPCM0900V,27IZPCM0900V3ZX,L52370MH2011BWG804505,True,UDYAM-MH-35-8285093,14.50,24280503UZZMAT8215,92.6,Nathan Suresh,86586496,"Plot 19, Patparganj Industrial Area, New Delhi - 553390",False
BID_1803,Koshy-Chander LLP,admin@koshychander.co.in,XXXX XXXX 7273,GEUCB6404V,07GEUCB6404V2ZR,L38121UP2002YVU563594,False,UDYAM-DL-87-6971709,55.47,24042055FTKEZF6327,49.1,Charvi Morar,29876704,"Plot 88, Peenya Industrial Area, Bengaluru - 643950",False
BID_1804,Venkataraman PLC Pvt Ltd,contact@venkataramanplc.in,XXXX XXXX 9319,YGYCV8759N,07YGYCV8759N4ZS,L25424GJ2003TUO208594,False,UDYAM-DL-80-7101886,150.04,24937877KYHSHA6251,82.1,Avni Gera,36388129,"Plot 121, Rudrapur Industrial Estate, Uttarakhand - 968341",False
BID_1805,Kunda-Dugar LLP,info@kundadugar.biz.in,XXXX XXXX 9007,UHKCT5465W,24UHKCT5465W2Z4,L91331MH2008OFD032399,True,UDYAM-GJ-27-8835295,3.73,24711263HZNMWG1305,47.6,Gautami Kamdar,71628365,"Plot 246, Taloja MIDC, Navi Mumbai - 381074",False
BID_1806,Ramachandran-Pall Pvt Ltd,bids@ramachandranpall.com,XXXX XXXX 5713,DTNCM4005N,24DTNCM4005N7ZN,L58203MH1998IHO310171,True,UDYAM-GJ-63-9858979,16.98,24198436NIBFIZ1849,87.0,Theodore Munshi,26147604,"Plot 238, MIDC Industrial Area, Pune - 903055",False
BID_1807,Vaidya Pvt Ltd,contact@vaidya.co.in,XXXX XXXX 6793,IDWCR6758R,09IDWCR6758R4ZT,L25588UP2017XUI212095,True,UDYAM-UP-54-6757432,7.71,24185867PTFWYW5703,49.7,Ridhi Batra,07564779,"Plot 241, Manesar Industrial Area, Gurugram - 672018",False
BID_1808,Mallick-Saxena LLP,sales@mallicksaxena.com,XXXX XXXX 8830,ITUCN1705X,07ITUCN1705X7ZH,L84211GJ2022WYY193120,False,UDYAM-DL-68-0144298,211.64,24412563ZLJCQQ6924,82.0,Laksh Varma,41155213,"Plot 96, Rudrapur Industrial Estate, Uttarakhand - 488946",False
BID_1809,Muni Limited,gem.desk@muni.co.in,XXXX XXXX 7390,JDMCR4647W,24JDMCR4647W1Z3,U23465KA1997AGC548232,False,UDYAM-GJ-84-3248607,162.47,24764893ROENYH0746,81.5,Gaurang Narayan,36193885,"Plot 68, Guindy Industrial Estate, Chennai - 621677",False
BID_1810,"Rajagopalan, Balan and Pillay Pvt Ltd",contact@rajagopalanbalanandpillay.in,XXXX XXXX 3147,MHOCG2891Y,33MHOCG2891Y7ZR,L42547KA2019ZMO358974,False,UDYAM-TN-61-1552279,187.58,24254377MJDLVB3195,30.6,Aarav Narain,33237357,"Plot 201, Naroda Industrial Estate, Ahmedabad - 981175",False
BID_1811,Babu-Khanna LLP,admin@babukhanna.in,XXXX XXXX 8334,KUSCY4431R,33KUSCY4431R4ZM,L71495TN1999WPQ106792,False,UDYAM-TN-32-1258103,225.04,24789288TAJOKR3345,22.6,Ekaraj Arya,70800773,"Plot 25, Whitefield Industrial Zone, Bengaluru - 382663",False
BID_1812,Varghese Pvt Ltd,contact@varghese.com,XXXX XXXX 6907,TJTCH9416Q,29TJTCH9416Q8ZQ,L50457DL2001HUN961682,True,UDYAM-KA-29-2649540,33.85,24951394UNDNYD1518,88.7,Utkarsh Menon,78076798,"Plot 153, Patparganj Industrial Area, New Delhi - 509634",False
BID_1813,Gola-Agarwal LLP,admin@golaagarwal.biz.in,XXXX XXXX 1246,SOCCR0442U,33SOCCR0442U3ZA,U51123DL2002YYC387217,False,UDYAM-TN-14-0739548,239.80,24134003WFAENH6268,55.7,Banjeet Raval,03057208,"Plot 91, Noida Sector 63 Industrial Area, Noida - 343991",False
BID_1814,Chad Pvt Ltd,admin@chad.com,XXXX XXXX 0485,MNNCK6676R,33MNNCK6676R2ZG,L08192GJ2011BXU322045,True,UDYAM-TN-72-9917314,10.21,24008575GHUHER4555,35.4,Mohini Thakkar,30933372,"Plot 126, MIDC Industrial Area, Pune - 454101",False
BID_1815,Patla PLC Limited,gem.desk@patlaplc.com,XXXX XXXX 3514,TFKCT3290C,07TFKCT3290C9ZO,L60347UP1999IAF167595,True,UDYAM-DL-95-2637120,38.77,24358958YQRXAC7404,83.0,Dev Wagle,45183905,"Plot 226, Baddi Industrial Area, Himachal Pradesh - 751964",False
BID_1816,"Mall, Saha and Gara Pvt Ltd",procurement@mallsahaandgara.co.in,XXXX XXXX 3868,QVMCT8857F,24QVMCT8857F6Z8,L13973MH2007ZPM165823,False,UDYAM-GJ-65-3147278,156.17,24832092ABSZLG7945,31.7,Prisha Maharaj,10148208,"Plot 17, MIDC Industrial Area, Pune - 854388",False
BID_1817,Dewan-Ben Limited,info@dewanben.com,XXXX XXXX 9226,CVDCU0858F,07CVDCU0858F1Z1,U69915UP2021HMC522849,True,UDYAM-DL-98-1604905,4.75,24503080WPXCGO5622,61.8,Zaid Bains,83442429,"Plot 208, Hosur Industrial Estate, Hosur - 485516",False
BID_1818,Mane Limited,contact@mane.in,XXXX XXXX 1010,ZUPCQ9797B,27ZUPCQ9797B3Z3,U21364DL1996KXQ163983,False,UDYAM-MH-18-1279437,27.09,24898784AYKARL9633,78.1,Pahal Randhawa,23849237,"Plot 86, Ambattur Industrial Estate, Chennai - 151021",False
BID_1819,Bir-Parmer Pvt Ltd,gem.desk@birparmer.com,XXXX XXXX 5268,RCPCV8254D,24RCPCV8254D3ZT,L11352DL2019CLO516869,True,UDYAM-GJ-79-2246546,22.55,24320757UMXYIV0166,55.7,Bakhshi Sarma,67143594,"Plot 153, Noida Sector 63 Industrial Area, Noida - 677849",False
BID_1820,Kar Pvt Ltd,contact@kar.biz.in,XXXX XXXX 3814,JLWCR8842D,33JLWCR8842D3Z9,U88088MH2009PKD085566,False,UDYAM-TN-68-9582068,112.42,24558376VKICKB1880,89.9,Edhitha Nanda,09983605,"Plot 159, Whitefield Industrial Zone, Bengaluru - 366064",False
BID_1821,"Borra, Dutta and Datta LLP",info@borraduttaanddatta.in,XXXX XXXX 2347,GPRCB2865X,29GPRCB2865X5ZK,U22589GJ1996AHD863028,True,UDYAM-KA-81-5048801,30.94,24911366VLIDPN8542,31.9,Aarna Jha,19126253,"Plot 119, Guindy Industrial Estate, Chennai - 288485",False
BID_1822,"Edwin, Kala and Grover LLP",info@edwinkalaandgrover.biz.in,XXXX XXXX 7047,QFNCA4713Q,24QFNCA4713Q9ZU,L85892GJ2021BOK056476,False,UDYAM-GJ-43-9751352,213.60,24489737HMXZTC5765,43.3,Barkha Basu,14219266,"Plot 209, Whitefield Industrial Zone, Bengaluru - 759010",False
BID_1823,Chanda LLP,info@chanda.biz.in,XXXX XXXX 2306,NCXCT0058F,09NCXCT0058F4Z7,L52583DL2009ZWQ165987,False,UDYAM-UP-84-1804071,237.13,24627776CGNHJP6321,24.5,Girish Pandya,55744687,"Plot 179, Baddi Industrial Area, Himachal Pradesh - 701224",False
BID_1824,"Rattan, Vohra and Bala Pvt Ltd",admin@rattanvohraandbala.co.in,XXXX XXXX 6353,EUCCQ8380Y,24EUCCQ8380Y5ZJ,L94979UP2014AUU486479,False,UDYAM-GJ-93-0792834,99.67,24024349BJAXEL7184,64.7,Rehaan Dhar,16512956,"Plot 55, Okhla Industrial Estate, New Delhi - 144183",False
BID_1825,"Chaudhary, Hari and Brar Limited",gem.desk@chaudharyhariandbrar.co.in,XXXX XXXX 0754,UURCO5020D,33UURCO5020D5Z0,U88200UP2005AYA892809,False,UDYAM-TN-52-8370342,231.80,24488543HHTVNQ4456,90.0,Ekantika Bose,09314520,"Plot 87, Sanand GIDC Industrial Area, Ahmedabad - 968405",False
BID_1826,"Srinivas, Rama and Dara Limited",contact@srinivasramaanddara.biz.in,XXXX XXXX 1898,VJUCY4236U,27VJUCY4236U1Z7,U73825DL2022OTA048883,False,UDYAM-MH-02-7174330,190.89,24817102BJDLRK7864,48.2,Odika Talwar,59425496,"Plot 172, Hosur Industrial Estate, Hosur - 311241",False
BID_1827,Chauhan PLC Pvt Ltd,gem.desk@chauhanplc.co.in,XXXX XXXX 1886,FIUCW3232A,24FIUCW3232A5Z9,L59011MH1997IKY697200,False,UDYAM-GJ-52-5112816,132.65,24905472NMUJFM0195,83.4,Umang Borra,38135481,"Plot 244, Noida Sector 63 Industrial Area, Noida - 123940",False
BID_1828,Pal-Vora LLP,sales@palvora.in,XXXX XXXX 9566,THWCH3444X,29THWCH3444X5ZQ,L26991DL2005UTU011318,False,UDYAM-KA-97-8988583,13.28,24906014UUPTIK1534,63.4,Ekantika Dutta,82578358,"Plot 63, Hosur Industrial Estate, Hosur - 066624",False
BID_1829,Kar Pvt Ltd,procurement@kar.com,XXXX XXXX 3566,XWXCX5899D,07XWXCX5899D2ZF,U07386MH2010GSS421451,True,UDYAM-DL-85-3860676,28.50,24271487ELKPGB0767,59.7,Urishilla Gandhi,81413167,"Plot 141, Okhla Industrial Estate, New Delhi - 467481",False
BID_1830,Mukherjee-Modi Limited,procurement@mukherjeemodi.com,XXXX XXXX 7248,QCBCG7354R,07QCBCG7354R7ZC,L58245MH2005EZJ025424,False,UDYAM-DL-75-4367077,144.20,24284001IPLSCU9427,32.1,Peter Kala,78303550,"Plot 44, Noida Sector 63 Industrial Area, Noida - 270480",False
BID_1831,"Dube, Lal and Chokshi LLP",bids@dubelalandchokshi.in,XXXX XXXX 3948,ZZSCU8438X,33ZZSCU8438X6ZV,L35009GJ1996WZX439152,False,UDYAM-TN-49-8338547,155.36,24289918KGUBYD3489,90.7,Lucky Patel,10216472,"Plot 182, Guindy Industrial Estate, Chennai - 517224",False
BID_1832,Din PLC Limited,gem.desk@dinplc.biz.in,XXXX XXXX 0049,DJYCI8674L,07DJYCI8674L9ZF,U81028UP1998DUJ945251,False,UDYAM-DL-94-7373857,101.00,24897335SDVUUM9353,95.0,Aadhya Bassi,70736464,"Plot 1, Naroda Industrial Estate, Ahmedabad - 206088",True
BID_1833,Ramesh LLP,admin@ramesh.in,XXXX XXXX 4529,PWLCT8672N,29PWLCT8672N9Z7,L28877KA2021DVX988519,True,UDYAM-KA-89-2102282,1.02,24517816RIGTUC5797,51.1,Praneel Bir,30335412,"Plot 111, Okhla Industrial Estate, New Delhi - 005849",False
BID_1834,Bhat Limited,contact@bhat.com,XXXX XXXX 1030,UEFCQ9253K,09UEFCQ9253K8Z6,U08611UP2014GVZ037095,False,UDYAM-UP-00-7309073,137.09,24375317TUWHTG7769,28.9,Gagan Lal,22831218,"Plot 32, Sanand GIDC Industrial Area, Ahmedabad - 904626",False
BID_1835,Dugar-Sarma Pvt Ltd,sales@dugarsarma.com,XXXX XXXX 6820,NVTCA6131H,07NVTCA6131H5ZJ,L38104MH1997BHR346056,True,UDYAM-DL-24-6367070,12.31,24411478KORQWV0256,42.2,Ayushman Dhingra,57106140,"Plot 96, Ambattur Industrial Estate, Chennai - 497527",True
BID_1836,Pandey LLP,sales@pandey.in,XXXX XXXX 6624,VWSCB0986P,24VWSCB0986P8ZS,U73994GJ2021JRX144602,False,UDYAM-GJ-07-0349677,24.29,24611686WRABAC6823,60.5,Xalak Luthra,52458135,"Plot 162, Sanand GIDC Industrial Area, Ahmedabad - 044946",False
BID_1837,Jain-Pandey Pvt Ltd,admin@jainpandey.co.in,XXXX XXXX 2678,UYMCA7420O,27UYMCA7420O2ZP,L81375GJ2015VPR920826,True,UDYAM-MH-97-5952860,10.19,24510232FPXZAL8236,72.5,Urvashi Kala,91400663,"Plot 246, Ambattur Industrial Estate, Chennai - 637246",False
BID_1838,"Guha, Thaman and Gour LLP",info@guhathamanandgour.in,XXXX XXXX 2475,RDQCR2666Z,07RDQCR2666Z8ZR,U46717GJ2006MKK653713,True,UDYAM-DL-59-0112676,5.38,24547774OHYZWH8287,27.8,Samar Salvi,70363812,"Plot 90, Guindy Industrial Estate, Chennai - 833860",False
BID_1839,Tripathi-Pant Limited,sales@tripathipant.biz.in,XXXX XXXX 0156,GNQCB3518O,09GNQCB3518O2ZE,L72553KA2014RWG111603,True,UDYAM-UP-00-4718640,4.28,24761934KUSZTL6705,56.7,Bhavya Garg,33303078,"Plot 14, Noida Sector 63 Industrial Area, Noida - 643707",False
BID_1840,"Nagarajan, Oza and Mohanty LLP",info@nagarajanozaandmohanty.biz.in,XXXX XXXX 9253,PVPCM8675Q,29PVPCM8675Q3ZW,L00297KA2013USG522463,True,UDYAM-KA-83-4514696,6.24,24722094GGFQRA5850,61.3,Aradhana Rana,89305105,"Plot 42, Peenya Industrial Area, Bengaluru - 337490",False
BID_1841,"Saran, Chahal and Goswami Pvt Ltd",gem.desk@saranchahalandgoswami.co.in,XXXX XXXX 1132,GNZCU3094U,07GNZCU3094U9ZE,U81356TN1997MJB264301,False,UDYAM-DL-41-4247550,136.57,24136320RAAVIW3215,28.6,Madhav Kaur,94453198,"Plot 203, Hosur Industrial Estate, Hosur - 760267",False
BID_1842,"Munshi, Samra and Bumb Pvt Ltd",gem.desk@munshisamraandbumb.biz.in,XXXX XXXX 3112,FDKCT3491G,29FDKCT3491G4ZV,U48705KA2008AJG444357,False,UDYAM-KA-58-4378603,136.02,24169278HNMREW0212,49.1,Mitali Narasimhan,39164079,"Plot 156, Taloja MIDC, Navi Mumbai - 171902",False
BID_1843,"Chanda, Prasad and Mani Pvt Ltd",info@chandaprasadandmani.in,XXXX XXXX 6733,FXRCS2473S,07FXRCS2473S1ZV,U10215TN2001CKD887027,False,UDYAM-DL-31-3282429,67.60,24713735YWGWAM5829,88.0,Ansh Mane,05200841,"Plot 51, MIDC Industrial Area, Pune - 108582",True
BID_1844,Kaul Pvt Ltd,contact@kaul.biz.in,XXXX XXXX 2733,RSTCN1061S,24RSTCN1061S2ZB,L21064GJ2016RUL314810,False,UDYAM-GJ-95-6346339,202.94,24644761WAOBPV3850,80.5,Vedhika Agarwal,52127218,"Plot 181, Rudrapur Industrial Estate, Uttarakhand - 271733",False
BID_1845,Raval-Seshadri Pvt Ltd,procurement@ravalseshadri.biz.in,XXXX XXXX 1394,VWSCG3816M,29VWSCG3816M4Z8,U10118KA1999LXJ297278,False,UDYAM-KA-37-6049169,160.94,24475534GYKZVR5781,83.9,Deepa More,09014331,"Plot 201, Rudrapur Industrial Estate, Uttarakhand - 908838",False
BID_1846,Narula PLC LLP,bids@narulaplc.co.in,XXXX XXXX 5236,GQGCW7597A,07GQGCW7597A2ZZ,L31462DL2013CXP796689,False,UDYAM-DL-03-9515573,152.43,24687951WNGNUP7048,37.6,Madhavi Vala,10163898,"Plot 113, Ambattur Industrial Estate, Chennai - 011389",False
BID_1847,Trivedi Pvt Ltd,procurement@trivedi.com,XXXX XXXX 1989,SIACA9664X,27SIACA9664X5ZS,U42743GJ2011UAC480529,False,UDYAM-MH-32-8005290,135.21,24439326VGNDDP9509,72.6,Hitesh Nath,75486252,"Plot 61, Patparganj Industrial Area, New Delhi - 451106",False
BID_1848,"Prabhakar, Mital and Puri LLP",gem.desk@prabhakarmitalandpuri.co.in,XXXX XXXX 1350,WTJCH2613L,09WTJCH2613L7Z7,L79733UP1995WJU532112,True,UDYAM-UP-77-1310995,2.54,24479388IVJGKQ9367,74.7,Radha Rattan,85881473,"Plot 154, Hosur Industrial Estate, Hosur - 496883",False
BID_1849,"Pant, Joshi and Lal LLP",gem.desk@pantjoshiandlal.biz.in,XXXX XXXX 5147,YNVCF5464P,24YNVCF5464P8Z0,U12758TN2009ZGI459911,True,UDYAM-GJ-93-6952869,10.74,24712788SVBAPS3590,46.0,Falak Behl,77074343,"Plot 27, Sanand GIDC Industrial Area, Ahmedabad - 248019",False
BID_1850,Baria-Dash Limited,sales@bariadash.biz.in,XXXX XXXX 8726,CYBCP9074U,07CYBCP9074U8ZI,L93196MH2004MPW394265,False,UDYAM-DL-63-9974664,33.66,24046909AWMYTB8700,20.7,Aadhya Mangal,13301336,"Plot 207, Taloja MIDC, Navi Mumbai - 685511",True
BID_1851,Goel Limited,contact@goel.biz.in,XXXX XXXX 3739,GFRCA7668C,33GFRCA7668C7ZR,U75945MH2017OUX215349,True,UDYAM-TN-29-7565806,8.21,24167823ZWCDVC2949,56.5,Timothy Ahluwalia,30467956,"Plot 115, Guindy Industrial Estate, Chennai - 755833",False
BID_1852,"Krishnamurthy, Puri and Maharaj Pvt Ltd",admin@krishnamurthypuriandmaharaj.com,XXXX XXXX 2083,KJUCH0803Y,29KJUCH0803Y3ZR,L35871GJ2016EFI117797,False,UDYAM-KA-05-5553621,196.49,24195516GKNOJH9066,39.2,Ekaraj Morar,58681158,"Plot 148, Sanand GIDC Industrial Area, Ahmedabad - 164984",False
BID_1853,"Sagar, Chhabra and Murthy Pvt Ltd",procurement@sagarchhabraandmurthy.co.in,XXXX XXXX 4752,LIVCT0655U,33LIVCT0655U8ZQ,U14727MH2005OSM092371,False,UDYAM-TN-06-5880281,35.95,24680656ATUOJR6018,86.3,Avi Pradhan,30093673,"Plot 239, Naroda Industrial Estate, Ahmedabad - 995728",False
BID_1854,Dubey-Shankar Pvt Ltd,bids@dubeyshankar.in,XXXX XXXX 9841,JGOCY9696U,09JGOCY9696U5ZR,L87492TN2022UYM369100,False,UDYAM-UP-73-4481385,73.97,24875489APPPOG4900,45.8,Jyoti Bhalla,84880722,"Plot 9, Taloja MIDC, Navi Mumbai - 150610",False
BID_1855,Chaudhry Limited,contact@chaudhry.co.in,XXXX XXXX 1078,RRWCB4833B,33RRWCB4833B5ZR,L54214DL2023IBZ508361,True,UDYAM-TN-32-2123414,27.94,24775379WHVRNC4058,82.3,Jagat Shenoy,41739167,"Plot 10, Naroda Industrial Estate, Ahmedabad - 690102",False
BID_1856,"Sodhi, Zachariah and Mutti Pvt Ltd",info@sodhizachariahandmutti.in,XXXX XXXX 6166,UIHCE5284U,27UIHCE5284U4Z0,U70385KA2002VCS043037,True,UDYAM-MH-39-0732239,1.27,24544777LAZNKB7954,29.6,Kritika Das,70241420,"Plot 33, Naroda Industrial Estate, Ahmedabad - 268737",True
BID_1857,Kanda Pvt Ltd,bids@kanda.biz.in,XXXX XXXX 3244,ACXCJ6652O,33ACXCJ6652O9ZJ,L11975KA2021PVE651923,False,UDYAM-TN-38-9289931,223.31,24819618DZKNQJ9774,65.9,Omisha Mandal,33643904,"Plot 176, Peenya Industrial Area, Bengaluru - 599555",False
BID_1858,Rajagopalan PLC Pvt Ltd,info@rajagopalanplc.biz.in,XXXX XXXX 5949,AEXCH3200U,07AEXCH3200U7ZU,U37221GJ2016ZDP115667,True,UDYAM-DL-48-4924878,39.81,24487871LYFGWZ8621,58.0,Hritik Murthy,46975663,"Plot 48, Okhla Industrial Estate, New Delhi - 230766",False
BID_1859,Kumar Pvt Ltd,gem.desk@kumar.biz.in,XXXX XXXX 2774,LIHCF7081N,27LIHCF7081N4Z9,U26330DL2011YOJ553226,False,UDYAM-MH-28-1720500,172.38,24580177BFYDWU9348,71.8,Farhan Lalla,58693793,"Plot 233, Okhla Industrial Estate, New Delhi - 104206",False
BID_1860,Ramachandran Limited,gem.desk@ramachandran.in,XXXX XXXX 8956,BFACR9872X,33BFACR9872X8ZO,U88180DL2006UAC620005,False,UDYAM-TN-08-9730707,115.00,24398411FFJQND3712,57.7,Bhavani Sharaf,25363119,"Plot 237, Rudrapur Industrial Estate, Uttarakhand - 321266",False
BID_1861,"Sen, Konda and Ramesh Pvt Ltd",contact@senkondaandramesh.co.in,XXXX XXXX 2049,WJGCB0504N,27WJGCB0504N5ZB,U64600UP2006ACB398404,False,UDYAM-MH-26-8023923,111.98,24547789IYOPOD1289,79.8,Meera Saran,52502121,"Plot 224, Rudrapur Industrial Estate, Uttarakhand - 602315",False
BID_1862,Oak Pvt Ltd,admin@oak.com,XXXX XXXX 4923,BWSCQ8615O,27BWSCQ8615O1ZI,L03430TN2015TGD206829,False,UDYAM-MH-09-4252642,73.61,24280900NQXWOF2205,94.9,Qarin Dugal,48302060,"Plot 76, Guindy Industrial Estate, Chennai - 388058",False
BID_1863,Murthy-Solanki Pvt Ltd,bids@murthysolanki.in,XXXX XXXX 9474,YWZCK7083U,27YWZCK7083U7ZP,U31645KA2020KEE400446,False,UDYAM-MH-70-6873059,216.94,24115124IMNIAJ2654,79.0,Yatin Anand,62140518,"Plot 89, Hosur Industrial Estate, Hosur - 091755",False
BID_1864,Suresh Limited,procurement@suresh.co.in,XXXX XXXX 9217,PBYCX2849M,24PBYCX2849M4ZR,L71919MH2017KAO257111,False,UDYAM-GJ-81-2095179,178.18,24963488QFBHHV7763,69.0,Naveen Krishna,14784074,"Plot 91, Okhla Industrial Estate, New Delhi - 962291",False
BID_1865,Kala-Vala Pvt Ltd,bids@kalavala.in,XXXX XXXX 6116,ZCICD7728Z,29ZCICD7728Z3Z5,U84140DL2000CNZ698832,True,UDYAM-KA-50-3205359,14.61,24624088TFEOCM6187,92.0,Sarthak Murthy,99074671,"Plot 130, Manesar Industrial Area, Gurugram - 652499",False
BID_1866,Cherian-Nanda Pvt Ltd,procurement@cheriannanda.in,XXXX XXXX 9749,UDDCM8782K,27UDDCM8782K9ZD,U58640TN2002PLK979224,False,UDYAM-MH-93-6361835,208.58,24736294NRRDTV6102,42.6,Wyatt Mannan,07372683,"Plot 88, Guindy Industrial Estate, Chennai - 034399",True
BID_1867,"Mital, Minhas and Mangat LLP",gem.desk@mitalminhasandmangat.biz.in,XXXX XXXX 3849,ROOCX8293S,07ROOCX8293S1ZG,U05605GJ1997DXA976081,False,UDYAM-DL-20-7954606,114.91,24319241NGTBJS2559,38.0,Waida Chana,53248268,"Plot 134, Peenya Industrial Area, Bengaluru - 669633",False
BID_1868,Sen LLP,contact@sen.com,XXXX XXXX 6216,XAUCO2541Z,33XAUCO2541Z4ZW,L00631DL2010HCQ469236,False,UDYAM-TN-48-4464882,196.60,24458279HDTNJV6420,30.3,Charvi Mannan,39400061,"Plot 122, Taloja MIDC, Navi Mumbai - 483020",False
BID_1869,Sami-Sehgal LLP,procurement@samisehgal.biz.in,XXXX XXXX 2845,IUQCW4408Z,33IUQCW4408Z9ZS,L97868KA2018GJT419248,False,UDYAM-TN-93-9411529,159.60,24719294DIHYNQ6056,42.7,Raghav Dua,69829499,"Plot 54, Hosur Industrial Estate, Hosur - 063420",False
BID_1870,Chawla-Suresh Limited,gem.desk@chawlasuresh.biz.in,XXXX XXXX 5403,KGRCF3903O,24KGRCF3903O4ZD,U95612UP2015LPQ844222,False,UDYAM-GJ-32-9596179,181.92,24621136EKADTJ9062,34.7,Yadavi Konda,08507721,"Plot 69, Whitefield Industrial Zone, Bengaluru - 045658",False
BID_1871,Bhakta Pvt Ltd,admin@bhakta.in,XXXX XXXX 3698,MDRCK3929N,27MDRCK3929N8Z1,U71329TN1995YEF777461,True,UDYAM-MH-85-2946962,6.63,24791771QJVBDQ4253,67.0,Anita Nayak,56845220,"Plot 212, Noida Sector 63 Industrial Area, Noida - 980860",False
BID_1872,"Kulkarni, Pandey and Patla Limited",sales@kulkarnipandeyandpatla.biz.in,XXXX XXXX 9814,RPNCU3603Y,33RPNCU3603Y1ZP,U86759KA1998VWF297622,False,UDYAM-TN-31-5571209,145.60,24329178MOTROE9903,30.8,Triya Amble,91115692,"Plot 152, Whitefield Industrial Zone, Bengaluru - 981472",False
BID_1873,"Ray, Gandhi and Edwin Pvt Ltd",info@raygandhiandedwin.com,XXXX XXXX 6170,MQVCR2810X,29MQVCR2810X2ZD,L73809MH2020IAW474763,True,UDYAM-KA-76-2988127,16.48,24466677MFHACF2869,86.3,Daksha Salvi,53212193,"Plot 227, Noida Sector 63 Industrial Area, Noida - 458339",False
BID_1874,Subramaniam LLP,admin@subramaniam.co.in,XXXX XXXX 8499,MIACR7625Y,09MIACR7625Y4ZX,L67287DL2015JLY355332,False,UDYAM-UP-98-1505123,166.16,24250201YOYKEW4529,72.8,Xavier Din,00086616,"Plot 12, MIDC Industrial Area, Pune - 570039",False
BID_1875,"Apte, Saxena and Sachdeva Limited",procurement@aptesaxenaandsachdeva.co.in,XXXX XXXX 8964,TYCCE5429S,29TYCCE5429S6ZO,U91903KA2018BDS387137,False,UDYAM-KA-81-8007614,95.01,24139020ZPRHBN0865,90.0,Caleb Bora,27704035,"Plot 119, Noida Sector 63 Industrial Area, Noida - 916627",False
BID_1876,"Karnik, Wason and Chawla Pvt Ltd",admin@karnikwasonandchawla.co.in,XXXX XXXX 4266,LIMCN6044T,09LIMCN6044T4Z0,U98107KA1995BCR477830,False,UDYAM-UP-23-2613864,116.63,24018824KARFOA2363,65.4,Maya Mukherjee,57982841,"Plot 42, Naroda Industrial Estate, Ahmedabad - 743344",False
BID_1877,"Konda, Deshmukh and Kamdar Pvt Ltd",contact@kondadeshmukhandkamdar.in,XXXX XXXX 4622,YXLCA3564F,07YXLCA3564F3Z4,U93371DL2018FXU611170,False,UDYAM-DL-90-4773234,119.65,24462708SPTVVO3297,60.4,Samuel Sahni,28496655,"Plot 145, Noida Sector 63 Industrial Area, Noida - 882862",False
BID_1878,"Soman, Goel and Tata LLP",contact@somangoelandtata.co.in,XXXX XXXX 8306,EVKCG8321Y,07EVKCG8321Y8ZM,L48160KA2001PUV891079,True,UDYAM-DL-10-3404084,17.52,24142510OGEZYJ6159,94.1,Tara Thaman,67565493,"Plot 29, Hosur Industrial Estate, Hosur - 262128",False
BID_1879,Sem PLC LLP,info@semplc.biz.in,XXXX XXXX 7881,EBXCV5469U,07EBXCV5469U7ZF,L58796KA2001OXB653208,False,UDYAM-DL-15-5777475,83.51,24393449UGJGIP7930,84.1,Yamini Bhavsar,98954485,"Plot 96, Rudrapur Industrial Estate, Uttarakhand - 077001",False
BID_1880,Bhalla-Bawa LLP,sales@bhallabawa.com,XXXX XXXX 1801,PVTCO4244X,07PVTCO4244X2Z4,L91886MH2014IES472877,False,UDYAM-DL-14-2030854,102.39,24227126VFSFTG5602,58.4,Nidhi Bala,70637917,"Plot 81, Manesar Industrial Area, Gurugram - 378639",False
BID_1881,Pillai Limited,admin@pillai.in,XXXX XXXX 7998,AEACQ2527V,24AEACQ2527V7Z6,L22739GJ1996HBA877907,False,UDYAM-GJ-82-5779958,113.48,24351171BDONNB7523,24.6,Ethan Atwal,15562659,"Plot 238, Ambattur Industrial Estate, Chennai - 848238",False
BID_1882,"Dara, Ramesh and Mohan Limited",procurement@dararameshandmohan.com,XXXX XXXX 7315,VQTCW4609F,33VQTCW4609F4ZK,U18713UP2009ZDL064474,True,UDYAM-TN-07-6001283,34.04,24377686HCRQKN3115,47.1,Ekani Mahal,44817222,"Plot 186, Baddi Industrial Area, Himachal Pradesh - 305112",False
BID_1883,Bansal-Nadig LLP,gem.desk@bansalnadig.in,XXXX XXXX 2600,EJCCK5820C,27EJCCK5820C9ZK,L47365TN2014UYE407565,False,UDYAM-MH-44-9692695,44.99,24988882CPVTNP1625,48.7,Michael Kannan,43844231,"Plot 241, Baddi Industrial Area, Himachal Pradesh - 876878",False
BID_1884,"Walla, Sami and Chada Pvt Ltd",bids@wallasamiandchada.com,XXXX XXXX 0982,ISVCA1809K,33ISVCA1809K6ZC,L34730GJ2003QSS711879,True,UDYAM-TN-71-6847472,16.93,24972792MHWUMW2428,23.9,Brinda Chaudhary,32215767,"Plot 192, Rudrapur Industrial Estate, Uttarakhand - 181884",False
BID_1885,Narula Pvt Ltd,info@narula.in,XXXX XXXX 2828,DZXCN4470W,09DZXCN4470W7ZE,L25478DL2004CCP316657,False,UDYAM-UP-03-0377086,222.26,24003018LXKWKR5526,91.8,Odika Bhasin,36104199,"Plot 170, Rudrapur Industrial Estate, Uttarakhand - 412061",False
BID_1886,Wadhwa LLP,admin@wadhwa.in,XXXX XXXX 7082,TAACU9180K,09TAACU9180K6Z2,U30378TN2000QMT664031,False,UDYAM-UP-96-7172701,244.91,24753241SNSSZT5968,42.6,Irya Deep,53527740,"Plot 108, Hosur Industrial Estate, Hosur - 260582",False
BID_1887,Handa-Bains Pvt Ltd,info@handabains.biz.in,XXXX XXXX 3959,SFPCW3158N,24SFPCW3158N9ZF,L25120MH2000KTJ490732,True,UDYAM-GJ-57-4878483,19.58,24648255FFWPVG0586,34.5,Madhavi Amble,33408774,"Plot 201, Rudrapur Industrial Estate, Uttarakhand - 737985",False
BID_1888,Palan LLP,sales@palan.co.in,XXXX XXXX 9354,SDGCS8661E,07SDGCS8661E2ZG,U34299UP2011JBK298748,False,UDYAM-DL-27-1915693,249.54,24087840EWGZEH9420,88.8,Charita Peri,93382674,"Plot 204, Guindy Industrial Estate, Chennai - 954961",False
BID_1889,Jayaraman-Uppal LLP,admin@jayaramanuppal.com,XXXX XXXX 1926,VWGCI1854E,07VWGCI1854E3ZL,L21235KA2004HDR405971,False,UDYAM-DL-62-8422947,156.51,24792349JZEXHA4760,62.8,Tejas Nazareth,24419382,"Plot 95, Peenya Industrial Area, Bengaluru - 234264",False
BID_1890,"Gandhi, Varghese and Vora Pvt Ltd",sales@gandhivargheseandvora.com,XXXX XXXX 1495,YALCK7286D,27YALCK7286D6ZU,L56069KA2004QWC646646,False,UDYAM-MH-82-8716408,190.36,24218153KEDRJS3647,90.0,Chandani Nazareth,56615984,"Plot 107, Naroda Industrial Estate, Ahmedabad - 590868",False
BID_1891,"Mand, Dixit and More Pvt Ltd",admin@manddixitandmore.com,XXXX XXXX 9127,GOSCT1997S,24GOSCT1997S1ZO,U83734MH1996BJT213109,False,UDYAM-GJ-00-5924686,116.23,24106824PZWIRK1881,49.8,Ekantika Baral,39666158,"Plot 75, Guindy Industrial Estate, Chennai - 634573",False
BID_1892,Shanker-Gaba Limited,gem.desk@shankergaba.biz.in,XXXX XXXX 2158,RXDCG7200L,29RXDCG7200L9ZT,U45245KA1998QTV559835,False,UDYAM-KA-81-1078013,135.41,24715288JHZKAU0803,85.0,Chandani Murty,36341013,"Plot 14, Manesar Industrial Area, Gurugram - 253738",False
BID_1893,Dara LLP,sales@dara.co.in,XXXX XXXX 6118,ZOWCO3298U,09ZOWCO3298U6ZT,U69962MH2000YQX061983,True,UDYAM-UP-88-1090889,4.35,24843634TFCNFF7170,69.3,Aadhya Nagarajan,40273023,"Plot 49, Ambattur Industrial Estate, Chennai - 423736",False
BID_1894,Purohit-Acharya LLP,admin@purohitacharya.com,XXXX XXXX 7917,HYWCY8993T,33HYWCY8993T1ZR,L48961UP2017FKQ017965,False,UDYAM-TN-43-6478002,205.69,24187137XREROB7629,74.2,Ikshita Mane,78488053,"Plot 94, Noida Sector 63 Industrial Area, Noida - 572479",False
BID_1895,"Mitra, More and Morar Pvt Ltd",bids@mitramoreandmorar.com,XXXX XXXX 4392,GHACV6555T,33GHACV6555T9ZU,L61318DL1995OUR430366,False,UDYAM-TN-80-7180096,136.58,24091234UDEJHA3296,28.1,Unnati Randhawa,78999807,"Plot 223, Guindy Industrial Estate, Chennai - 969096",False
BID_1896,Dalal LLP,contact@dalal.co.in,XXXX XXXX 8794,KDBCP3649I,07KDBCP3649I3Z5,L08730UP2017EEZ020011,False,UDYAM-DL-37-9022843,223.20,24739099NMHSBT9079,38.8,Sara Bandi,23450861,"Plot 121, Hosur Industrial Estate, Hosur - 110787",False
BID_1897,Sangha Pvt Ltd,contact@sangha.biz.in,XXXX XXXX 7264,XUDCS1930B,07XUDCS1930B5ZM,U89519UP2016IJB948621,False,UDYAM-DL-56-6211262,39.39,24482530FCJKXK9442,60.9,Siddharth Dhillon,90642980,"Plot 209, Guindy Industrial Estate, Chennai - 129284",False
BID_1898,Vohra-Patil Limited,gem.desk@vohrapatil.in,XXXX XXXX 7000,UGACD6992S,09UGACD6992S3Z9,L18111UP2017SWG466535,True,UDYAM-UP-05-3479077,21.42,24657859VGQGYK8327,68.9,Yuvraj Mander,06904511,"Plot 31, Patparganj Industrial Area, New Delhi - 652721",False
BID_1899,Dhillon Limited,admin@dhillon.com,XXXX XXXX 5984,EDUCQ3507U,27EDUCQ3507U6ZN,L77383UP2014MEA784272,True,UDYAM-MH-97-3254982,8.84,24917483SWFOCJ5117,78.0,Ucchal Patla,90452390,"Plot 70, Taloja MIDC, Navi Mumbai - 443269",False
BID_1900,"Bhakta, Bahl and Banerjee LLP",procurement@bhaktabahlandbanerjee.com,XXXX XXXX 0867,NDBCR9321M,29NDBCR9321M6ZA,L91527DL1999YCE815540,True,UDYAM-KA-80-4632222,3.53,24985890VTDRIV3006,80.5,Nakul Babu,34166430,"Plot 92, Taloja MIDC, Navi Mumbai - 599623",False
BID_1901,Andra Pvt Ltd,gem.desk@andra.com,XXXX XXXX 1113,XTKCQ8205I,33XTKCQ8205I6ZW,U98551GJ2022JFW067209,False,UDYAM-TN-65-8282656,103.31,24004745MVQMQZ3518,56.9,Aryan Sarna,47510371,"Plot 75, Okhla Industrial Estate, New Delhi - 827948",False
BID_1902,Chawla Pvt Ltd,info@chawla.com,XXXX XXXX 8500,BOHCB4965E,33BOHCB4965E1ZI,U24948MH2002XFX659321,True,UDYAM-TN-38-0013293,22.94,24480940PPWUFF5589,59.2,Lopa Upadhyay,88827033,"Plot 243, Guindy Industrial Estate, Chennai - 544031",False
BID_1903,Bajaj PLC Limited,info@bajajplc.in,XXXX XXXX 4649,QHRCD2282D,24QHRCD2282D1ZK,L27067KA2003HQX593317,False,UDYAM-GJ-89-3518854,79.81,24652379PVRGBJ2905,56.3,Zaitra Divan,39443391,"Plot 213, Peenya Industrial Area, Bengaluru - 070291",True
BID_1904,"Koshy, Pradhan and Nigam Pvt Ltd",gem.desk@koshypradhanandnigam.com,XXXX XXXX 0474,YVACN0946F,27YVACN0946F4Z8,U24700GJ2014VBC816226,True,UDYAM-MH-26-8992295,3.98,24780909RCGONN9207,63.6,Chanakya Bhardwaj,43790221,"Plot 127, Ambattur Industrial Estate, Chennai - 493777",False
BID_1905,Chandra-Sinha LLP,info@chandrasinha.co.in,XXXX XXXX 7520,LOUCX7467Q,33LOUCX7467Q4ZH,U77300DL2014SOH448422,True,UDYAM-TN-75-0159443,8.17,24294779FYPOQA7703,29.1,Kai Purohit,51356979,"Plot 96, MIDC Industrial Area, Pune - 165340",True
BID_1906,Panchal-Arora LLP,info@panchalarora.biz.in,XXXX XXXX 5795,GURCP6925P,33GURCP6925P9Z8,L57497TN1998OGR318233,False,UDYAM-TN-71-1095668,125.29,24808749JTQPAE3663,78.4,Yash Agarwal,70322831,"Plot 54, Peenya Industrial Area, Bengaluru - 849043",False
BID_1907,Bhavsar-Nadkarni LLP,procurement@bhavsarnadkarni.co.in,XXXX XXXX 4299,WLACQ1877O,33WLACQ1877O2ZX,U73940TN2018YDR312280,False,UDYAM-TN-17-5566087,71.61,24222503TRDHXG3356,63.7,Oni Swamy,41930019,"Plot 23, Whitefield Industrial Zone, Bengaluru - 587539",False
BID_1908,Bera PLC Pvt Ltd,gem.desk@beraplc.co.in,XXXX XXXX 7465,NMYCH2468E,29NMYCH2468E6ZL,L63074TN2016OKN280476,True,UDYAM-KA-63-9082130,27.06,24149945UGAZCB8243,25.9,Sai Sodhi,88387664,"Plot 33, Okhla Industrial Estate, New Delhi - 131488",False
BID_1909,"Borah, Dalal and Tiwari Pvt Ltd",sales@borahdalalandtiwari.biz.in,XXXX XXXX 7168,AZVCC7219B,09AZVCC7219B4ZI,L48491TN2012KFW744841,False,UDYAM-UP-73-0405909,72.92,24039797UWNCTC7778,22.8,Anvi Patel,09640497,"Plot 169, Patparganj Industrial Area, New Delhi - 549063",False
BID_1910,Kapoor-Sampath Limited,info@kapoorsampath.co.in,XXXX XXXX 7053,VRACO3811R,24VRACO3811R3Z1,U39213TN1997HOQ345587,False,UDYAM-GJ-70-3549228,217.92,24382609RXMLIQ9012,66.5,Widisha Guha,49007340,"Plot 105, Patparganj Industrial Area, New Delhi - 939833",False
BID_1911,Mukherjee Limited,contact@mukherjee.biz.in,XXXX XXXX 4862,YPDCV6868D,27YPDCV6868D7Z1,L65497KA2016TCI988121,True,UDYAM-MH-09-0755489,25.85,24116792TRQGDK8491,94.5,Shaurya Varkey,56671139,"Plot 74, Hosur Industrial Estate, Hosur - 981972",False
BID_1912,Sama-Raman Limited,procurement@samaraman.biz.in,XXXX XXXX 2497,EHSCD1399Y,24EHSCD1399Y9Z7,L01488GJ1999VGL184550,True,UDYAM-GJ-17-5748499,19.88,24978938LPBVLY5212,21.2,Bhavani Dave,91462849,"Plot 87, Manesar Industrial Area, Gurugram - 105489",False
BID_1913,Mital-Dyal LLP,sales@mitaldyal.com,XXXX XXXX 7013,OXUCU3288E,07OXUCU3288E6ZU,L32296DL2004ZCH775175,True,UDYAM-DL-31-4726565,29.55,24629252OFNXFO2084,61.3,Qushi Venkatesh,45206381,"Plot 141, Whitefield Industrial Zone, Bengaluru - 924445",False
BID_1914,"Prashad, Bedi and Rai Pvt Ltd",bids@prashadbediandrai.in,XXXX XXXX 0078,HMICQ6028Y,33HMICQ6028Y8ZM,L78925TN2005CLP728221,False,UDYAM-TN-35-6435068,31.60,24103493ZOEIXY3695,87.3,George Rao,82804563,"Plot 132, Guindy Industrial Estate, Chennai - 050753",False
BID_1915,Mani LLP,sales@mani.com,XXXX XXXX 3531,SCNCA6496J,33SCNCA6496J9ZN,U95589UP2004FTE964582,True,UDYAM-TN-88-2854864,9.80,24546758TENQRU3434,22.0,Oviya Dubey,44644620,"Plot 127, Guindy Industrial Estate, Chennai - 727894",False
BID_1916,Setty Pvt Ltd,procurement@setty.biz.in,XXXX XXXX 3194,XQBCJ6056H,29XQBCJ6056H4ZU,L83372UP1996LGW264081,True,UDYAM-KA-14-9493080,22.62,24681975KNNZUJ9570,42.2,Tristan Palla,76631018,"Plot 185, Hosur Industrial Estate, Hosur - 979441",False
BID_1917,Ramakrishnan Limited,sales@ramakrishnan.biz.in,XXXX XXXX 6934,BMUCF5926G,09BMUCF5926G2ZK,L71401GJ2001QRC920595,False,UDYAM-UP-72-7215215,155.15,24689931EEIWVA3234,43.4,Ranveer Reddy,60131217,"Plot 187, Guindy Industrial Estate, Chennai - 909026",False
BID_1918,Bath-Toor Pvt Ltd,admin@bathtoor.biz.in,XXXX XXXX 2075,WLVCM2515Z,29WLVCM2515Z8ZO,L79481UP2011HPF689242,False,UDYAM-KA-71-0140387,149.98,24860054ZZAAFD1687,73.3,Yashica Chacko,07917313,"Plot 24, Patparganj Industrial Area, New Delhi - 400000",False
BID_1919,Kannan-Patla LLP,procurement@kannanpatla.biz.in,XXXX XXXX 6470,YLCCN3946D,27YLCCN3946D5Z6,U47295DL2004FAS077146,True,UDYAM-MH-64-4007948,36.97,24758017YUAQOD2093,23.9,Chakrika Agrawal,45387371,"Plot 224, Baddi Industrial Area, Himachal Pradesh - 015246",False
BID_1920,Kale-Patla LLP,procurement@kalepatla.biz.in,XXXX XXXX 7631,MEXCL2635O,33MEXCL2635O4ZH,U49030UP2019JYO440502,False,UDYAM-TN-80-0158698,149.34,24603968YYHKTC2448,60.2,Vidhi Dhawan,15517856,"Plot 180, Ambattur Industrial Estate, Chennai - 153703",False
BID_1921,"Ramesh, Kari and Mitter LLP",bids@rameshkariandmitter.co.in,XXXX XXXX 9988,ZAGCJ1696V,24ZAGCJ1696V2Z0,U07977KA2009OWE955839,False,UDYAM-GJ-18-4239606,226.11,24710088EIIIMV3417,78.8,Atharv Gade,69756678,"Plot 38, Ambattur Industrial Estate, Chennai - 393206",False
BID_1922,Sahni-Uppal Pvt Ltd,bids@sahniuppal.com,XXXX XXXX 4241,BJICC7420Y,33BJICC7420Y5ZP,U77575UP2021OSA439371,False,UDYAM-TN-58-5247320,133.42,24216157ZUQGQQ7987,83.9,Rohan Oak,34800408,"Plot 195, Manesar Industrial Area, Gurugram - 088252",False
BID_1923,Solanki LLP,info@solanki.co.in,XXXX XXXX 8020,CHYCS3651O,33CHYCS3651O4ZR,L43012KA2003WDK206073,True,UDYAM-TN-55-7226243,13.54,24082867TYIRDD9655,41.5,Aachal Sachdev,84618359,"Plot 169, Guindy Industrial Estate, Chennai - 730763",False
BID_1924,"Tak, Shankar and Sarin LLP",admin@takshankarandsarin.biz.in,XXXX XXXX 2579,OXNCV6442O,29OXNCV6442O9ZV,U22438TN2008FNC316081,True,UDYAM-KA-86-7802202,8.14,24816436XASUHK7521,49.0,Netra Dass,19877682,"Plot 176, Hosur Industrial Estate, Hosur - 285550",False
BID_1925,Mishra-Chacko Pvt Ltd,sales@mishrachacko.co.in,XXXX XXXX 3200,YCFCZ2832Y,07YCFCZ2832Y4Z2,U37012UP2021NYX856658,False,UDYAM-DL-72-4148809,209.73,24663967UFXRJF8012,70.8,Oliver Bajwa,04481129,"Plot 247, Taloja MIDC, Navi Mumbai - 551721",False
BID_1926,Deep Pvt Ltd,sales1926@deep.com,XXXX XXXX 7035,LJZCN0172Z,09LJZCN0172Z1ZK,U48692UP2015TBE792426,False,UDYAM-UP-19-5523112,227.27,24456242DJUSMU7197,93.5,Jeremiah Vyas,04374159,"Plot 90, Patparganj Industrial Area, New Delhi - 369997",False
BID_1927,Chander-Bhatia LLP,info@chanderbhatia.in,XXXX XXXX 5530,PDSCE7539P,29PDSCE7539P7Z0,U95157DL2001AUN211903,False,UDYAM-KA-90-4816873,88.90,24288423BWOWOJ8409,94.7,Chaaya Bora,55134502,"Plot 59, Okhla Industrial Estate, New Delhi - 671377",False
BID_1928,"Kapur, Narasimhan and Ghose LLP",admin@kapurnarasimhanandghose.com,XXXX XXXX 4547,DLBCH0885F,24DLBCH0885F4Z8,U12446MH2012GSP575766,False,UDYAM-GJ-21-7458479,44.06,24994862XBLWPR5176,53.1,Anika Mann,92428950,"Plot 236, MIDC Industrial Area, Pune - 785749",False
BID_1929,Uppal-Lad Pvt Ltd,info@uppallad.com,XXXX XXXX 9774,YTPCR0579T,09YTPCR0579T6ZQ,L90363GJ1997BKM952105,True,UDYAM-UP-30-7776963,4.98,24001741VFRFAF8904,69.9,Baghyawati Issac,39671607,"Plot 155, Peenya Industrial Area, Bengaluru - 342359",False
BID_1930,"Buch, Comar and Chaudhuri Limited",sales@buchcomarandchaudhuri.in,XXXX XXXX 4030,IFXCS5395J,09IFXCS5395J2ZP,L01559MH2014BBA464083,True,UDYAM-UP-60-7247937,22.42,24731853PDCVWN6404,69.4,Amrita Kumar,60977396,"Plot 44, Patparganj Industrial Area, New Delhi - 493812",False
BID_1931,Parekh-Hora LLP,gem.desk@parekhhora.biz.in,XXXX XXXX 6689,MVWCQ3369I,07MVWCQ3369I8ZN,U69404DL2021DHI840202,False,UDYAM-DL-28-7974628,52.07,24278361KCAJSF7042,39.2,Harsh Chakrabarti,41375979,"Plot 86, Noida Sector 63 Industrial Area, Noida - 665193",False
BID_1932,"Bhatt, Grewal and Nadkarni Pvt Ltd",info@bhattgrewalandnadkarni.biz.in,XXXX XXXX 3485,XKZCV7147Y,24XKZCV7147Y9ZF,U37233KA1998NMA594034,True,UDYAM-GJ-61-8339149,28.77,24406088DXXPRP2234,92.2,Warinder Sidhu,56501390,"Plot 235, Hosur Industrial Estate, Hosur - 419933",True
BID_1933,"Rau, Mall and Mukhopadhyay Limited",gem.desk@raumallandmukhopadhyay.com,XXXX XXXX 5879,REICT2490K,09REICT2490K1Z0,U82602TN2013FUR572604,False,UDYAM-UP-04-2282883,153.15,24803372RJXNRN2445,37.0,Anvi Srinivas,68486368,"Plot 206, Peenya Industrial Area, Bengaluru - 295804",False
BID_1934,Chadha-Rattan Limited,procurement@chadharattan.com,XXXX XXXX 2087,HRMCR3579I,33HRMCR3579I4ZJ,L10212GJ1995WQM769456,False,UDYAM-TN-55-8788922,104.76,24004076IUTLCW1760,41.9,Mahika Ravel,38167972,"Plot 247, Manesar Industrial Area, Gurugram - 991720",False
BID_1935,Shetty Limited,admin@shetty.in,XXXX XXXX 9496,GAECW0259V,09GAECW0259V3Z0,U67214UP2011XTT583344,False,UDYAM-UP-01-6632935,186.08,24587984WZALIL3787,47.1,Ria Zachariah,11989425,"Plot 50, Ambattur Industrial Estate, Chennai - 826640",False
BID_1936,"Baral, Dash and Guha Limited",info@baraldashandguha.biz.in,XXXX XXXX 6495,APKCY8588U,24APKCY8588U4Z8,L99776GJ2008KAV757364,False,UDYAM-GJ-54-6206376,151.79,24432514GRZXYJ3319,38.1,Manan Ravi,11936484,"Plot 170, Hosur Industrial Estate, Hosur - 099630",False
BID_1937,Jayaraman LLP,contact@jayaraman.in,XXXX XXXX 5839,UOFCS1322M,09UOFCS1322M3Z1,L37547MH2006JNW308617,True,UDYAM-UP-84-8621736,28.05,24241044QQKBEF1781,88.2,Nandini Sani,66949829,"Plot 122, Taloja MIDC, Navi Mumbai - 380683",False
BID_1938,Swamy-Sarraf LLP,bids@swamysarraf.co.in,XXXX XXXX 1133,HLRCD9926C,29HLRCD9926C7ZB,L92575UP1998GUD799057,False,UDYAM-KA-09-1287029,182.39,24153991DUIPMM3612,58.7,Mitesh Sathe,22726441,"Plot 135, Hosur Industrial Estate, Hosur - 212169",False
BID_1939,"Reddy, Vasa and Sandhu Limited",sales@reddyvasaandsandhu.in,XXXX XXXX 0745,HQUCM3263C,24HQUCM3263C9Z6,U90771GJ1999IWV986198,True,UDYAM-GJ-68-0371936,37.71,24703709QMUTCE3461,52.4,Frado Wable,38310207,"Plot 145, Baddi Industrial Area, Himachal Pradesh - 055084",False
BID_1940,Prabhu-Ratti LLP,gem.desk@prabhuratti.com,XXXX XXXX 9410,JNZCY2874V,33JNZCY2874V3ZJ,L11354TN2005ZXG886592,True,UDYAM-TN-03-3048720,1.27,24635027JJVMOM0071,67.7,Reva Agrawal,14393465,"Plot 185, Peenya Industrial Area, Bengaluru - 946193",False
BID_1941,"Mohanty, Malhotra and Wagle Limited",sales@mohantymalhotraandwagle.in,XXXX XXXX 6274,BBOCB3166T,09BBOCB3166T2Z6,L41028MH2005VGY636116,False,UDYAM-UP-77-1243261,44.67,24208403TEMZMM6771,86.9,Imaran Shanker,68383020,"Plot 114, Peenya Industrial Area, Bengaluru - 054831",True
BID_1942,Bhatti-More LLP,admin@bhattimore.in,XXXX XXXX 8993,RHQCS6775Y,29RHQCS6775Y4ZA,L02150GJ2019RQS405087,True,UDYAM-KA-13-7080531,27.44,24108606NOWEWI3125,84.7,Vasatika Sekhon,57684569,"Plot 209, Manesar Industrial Area, Gurugram - 387616",False
BID_1943,Prabhu-Dey Limited,contact@prabhudey.biz.in,XXXX XXXX 7925,JVXCJ6709P,27JVXCJ6709P5Z5,L40366KA2022LZJ770560,True,UDYAM-MH-92-9758561,38.87,24618059IKZSYR1724,35.7,Amruta Naidu,22553021,"Plot 236, Naroda Industrial Estate, Ahmedabad - 483855",False
BID_1944,Nori-Batta Pvt Ltd,procurement@noribatta.com,XXXX XXXX 2462,RXSCN6490H,07RXSCN6490H4ZR,L36401DL2013GZY349006,False,UDYAM-DL-40-3740766,44.94,24386373FKSXVK4844,41.4,Jackson Balasubramanian,31968728,"Plot 95, Rudrapur Industrial Estate, Uttarakhand - 855303",False
BID_1945,"Dara, Mane and Walia Pvt Ltd",bids@daramaneandwalia.biz.in,XXXX XXXX 3161,ZNFCD9009E,24ZNFCD9009E8ZH,U40528MH1999LJP554975,True,UDYAM-GJ-38-0384133,7.11,24895826SCMWPS3882,49.0,Samesh Pai,32858761,"Plot 161, Taloja MIDC, Navi Mumbai - 823696",False
BID_1946,Bansal Limited,procurement@bansal.in,XXXX XXXX 4275,OBCCZ7665O,29OBCCZ7665O7ZE,U63307UP1999YQA065244,False,UDYAM-KA-33-3103881,91.78,24212643JLWFBS3018,32.6,Madhavi Chahal,56225797,"Plot 179, Whitefield Industrial Zone, Bengaluru - 303274",False
BID_1947,Bala-Prashad LLP,sales@balaprashad.com,XXXX XXXX 7799,HMKCF4338C,33HMKCF4338C6ZL,U98889MH2021HKW858271,False,UDYAM-TN-97-7360728,196.73,24345904KKTSGA4538,41.2,Niharika Tata,22569394,"Plot 137, Okhla Industrial Estate, New Delhi - 905904",False
BID_1948,Sehgal-Agrawal LLP,info@sehgalagrawal.com,XXXX XXXX 6333,DVOCB7935L,07DVOCB7935L4Z1,L31523KA2012FWT483124,False,UDYAM-DL-14-5075071,45.69,24937817CUYYZW5654,20.4,Panini Chauhan,63003914,"Plot 74, Naroda Industrial Estate, Ahmedabad - 109541",False
BID_1949,Bhatt LLP,admin@bhatt.biz.in,XXXX XXXX 6983,XWJCE9206Z,09XWJCE9206Z2ZC,L35086TN2013LRZ239826,False,UDYAM-UP-51-9826978,35.19,24198368VTZZJM1968,41.2,Damyanti Grover,58319228,"Plot 72, Peenya Industrial Area, Bengaluru - 345574",False
BID_1950,Balasubramanian-Dhar LLP,sales@balasubramaniandhar.biz.in,XXXX XXXX 3852,PWRCA0016F,07PWRCA0016F5ZT,L15446UP2024HKY667334,False,UDYAM-DL-42-4855584,132.79,24740729RBCOYB4838,78.5,Brijesh Khanna,23097882,"Plot 208, Patparganj Industrial Area, New Delhi - 920515",False
BID_1951,Murthy PLC LLP,contact@murthyplc.biz.in,XXXX XXXX 4629,JKOCX7482C,07JKOCX7482C8Z8,U65816DL2006QLD336670,False,UDYAM-DL-81-6490776,76.40,24247095EYQUTX0919,54.0,Dominic Shan,33636311,"Plot 118, Patparganj Industrial Area, New Delhi - 471669",False
BID_1952,"Maharaj, Dara and Divan Limited",info@maharajdaraanddivan.in,XXXX XXXX 1164,GNTCR4840V,07GNTCR4840V7ZH,U11257TN2012ITA633255,False,UDYAM-DL-91-0459000,63.92,24687138CCAUCA8997,66.4,Zashil Sarma,27573518,"Plot 44, Peenya Industrial Area, Bengaluru - 674184",False
BID_1953,"Seshadri, Sidhu and Bora Limited",admin@seshadrisidhuandbora.com,XXXX XXXX 1909,USQCB8150Y,27USQCB8150Y1ZW,U10736MH2010LIP773282,False,UDYAM-MH-86-0913733,104.10,24595626LESIXL9917,87.2,Rayaan Anne,22561199,"Plot 86, Naroda Industrial Estate, Ahmedabad - 935984",False
BID_1954,"Choudhary, Sha and Kuruvilla LLP",bids@choudharyshaandkuruvilla.co.in,XXXX XXXX 1682,DPECB4691L,27DPECB4691L3ZG,U91532MH2003NEA970219,False,UDYAM-MH-88-4178295,17.13,24373693XAZOZB6697,34.5,Kalpit Peri,13344111,"Plot 138, Peenya Industrial Area, Bengaluru - 568478",False
BID_1955,"Yogi, Issac and Barad Pvt Ltd",gem.desk@yogiissacandbarad.co.in,XXXX XXXX 8362,YQWCU5999R,33YQWCU5999R3Z1,U73723DL2014KMT300351,False,UDYAM-TN-71-3586957,239.75,24535966QGVPGP2932,51.6,Hamsini Parmar,15941136,"Plot 113, Taloja MIDC, Navi Mumbai - 327842",False
BID_1956,Gera Limited,contact@gera.in,XXXX XXXX 4686,GMOCY8204B,33GMOCY8204B2ZU,U74228DL2021SOL298986,True,UDYAM-TN-14-4717010,7.33,24216686KSRJKG3573,77.8,Vedhika Iyengar,43390145,"Plot 105, MIDC Industrial Area, Pune - 013281",False
BID_1957,Batra-Ratti Pvt Ltd,admin@batraratti.com,XXXX XXXX 9699,WWJCZ1245V,27WWJCZ1245V1Z5,U68511KA2018MVF965406,False,UDYAM-MH-95-0786193,108.23,24700417UHXIRM7660,70.5,Mugdha Sidhu,59377668,"Plot 242, Guindy Industrial Estate, Chennai - 675947",False
BID_1958,"Zacharia, Sankar and Prashad Pvt Ltd",bids@zachariasankarandprashad.in,XXXX XXXX 3280,QWVCZ0286G,33QWVCZ0286G8Z3,L67898GJ2009TBS072115,True,UDYAM-TN-33-7312505,27.96,24679349XJNCPA3969,25.0,Aachal Rajan,68224669,"Plot 163, Naroda Industrial Estate, Ahmedabad - 535439",False
BID_1959,"Chakraborty, Bansal and Varghese Limited",sales@chakrabortybansalandvarghese.co.in,XXXX XXXX 7462,TLDCR7065E,33TLDCR7065E2ZF,L06142GJ2021NQK292403,False,UDYAM-TN-52-1945725,118.79,24144311GFFJAI1911,34.2,Darika Rai,32380725,"Plot 124, Taloja MIDC, Navi Mumbai - 839434",False
BID_1960,Parmer-Mody Limited,contact@parmermody.biz.in,XXXX XXXX 8758,REOCQ4632F,33REOCQ4632F5ZZ,L79279UP2005YAU655225,True,UDYAM-TN-73-1969786,25.54,24852130HESDNI9601,88.6,Agastya Warrior,95675173,"Plot 190, Peenya Industrial Area, Bengaluru - 114370",False
BID_1961,Deshmukh Limited,gem.desk@deshmukh.biz.in,XXXX XXXX 6526,SMECM2896X,09SMECM2896X4ZY,U01041UP2014DQJ343234,True,UDYAM-UP-61-6289234,5.34,24271332QAKCXV1779,55.4,Urmi Varma,69247378,"Plot 47, Sanand GIDC Industrial Area, Ahmedabad - 062903",False
BID_1962,"Lal, Hayre and Agarwal Pvt Ltd",procurement@lalhayreandagarwal.com,XXXX XXXX 3554,VPSCQ8321J,07VPSCQ8321J1ZP,L90879KA1998UMN995288,True,UDYAM-DL-92-7784355,26.67,24621770SNBLJU6786,25.7,Qushi Lata,44831315,"Plot 191, Baddi Industrial Area, Himachal Pradesh - 478757",False
BID_1963,"Pillay, Suresh and Manne LLP",sales@pillaysureshandmanne.biz.in,XXXX XXXX 0808,TNACL8095B,09TNACL8095B6ZH,U32339DL1998LVD335306,True,UDYAM-UP-06-7497857,29.38,24440977ZCDFRD0620,62.4,Reyansh Gara,48290623,"Plot 111, Peenya Industrial Area, Bengaluru - 507208",False
BID_1964,"Radhakrishnan, Kapadia and Kuruvilla LLP",contact@radhakrishnankapadiaandkuruvilla.biz.in,XXXX XXXX 1116,FPDCI1539X,07FPDCI1539X9Z6,U27604UP1999HLE982049,True,UDYAM-DL-51-9475029,7.38,24782222UCEQLX7289,45.0,Kiaan Tandon,15472881,"Plot 97, Taloja MIDC, Navi Mumbai - 820494",False
BID_1965,Sastry LLP,sales@sastry.com,XXXX XXXX 9054,RKJCU8428H,07RKJCU8428H7Z5,U14460KA2020YQX016162,True,UDYAM-DL-96-5522947,11.52,24537605SABDLC7306,39.4,Samarth Varma,60151153,"Plot 97, Naroda Industrial Estate, Ahmedabad - 434533",False
BID_1966,Choudhry-Varma Limited,contact@choudhryvarma.co.in,XXXX XXXX 3496,AFICR1291V,24AFICR1291V9ZB,L36983DL1997RJT188345,False,UDYAM-GJ-41-6213310,154.44,24154039UXQRNN3957,54.0,Lohit Zachariah,18690783,"Plot 136, Manesar Industrial Area, Gurugram - 901935",False
BID_1967,Chaudhuri-Deep Pvt Ltd,admin@chaudhurideep.co.in,XXXX XXXX 1152,VNLCU5895U,33VNLCU5895U6ZI,L42789MH2003GJO616547,False,UDYAM-TN-79-6548611,83.16,24462699TMDZWR5210,42.6,Aishani Sinha,08048742,"Plot 24, Okhla Industrial Estate, New Delhi - 206503",False
BID_1968,Bhavsar-Ganguly LLP,admin@bhavsarganguly.in,XXXX XXXX 7448,SSYCZ6671C,07SSYCZ6671C1ZR,U68743GJ2001JMF711500,False,UDYAM-DL-55-5283656,17.30,24740751ZBXWGC7034,31.2,Viraj Raval,04864103,"Plot 163, Hosur Industrial Estate, Hosur - 506600",False
BID_1969,"Salvi, Varughese and Doshi LLP",procurement@salvivarugheseanddoshi.biz.in,XXXX XXXX 7823,CKGCP9599W,33CKGCP9599W7ZL,U01040UP1996PQG414806,False,UDYAM-TN-77-0078828,66.38,24646667DGJEIG0519,63.4,Arunima Sampath,93244661,"Plot 119, Sanand GIDC Industrial Area, Ahmedabad - 195854",False
BID_1970,Rajan-Datta Limited,bids@rajandatta.co.in,XXXX XXXX 9415,SFWCT9262T,27SFWCT9262T5ZJ,U19909DL2024UFG863689,True,UDYAM-MH-65-9944376,7.17,24886823HXDKXR3521,29.5,Chakradhar Ravi,03198086,"Plot 117, MIDC Industrial Area, Pune - 701169",False
BID_1971,Gill Pvt Ltd,procurement@gill.in,XXXX XXXX 7941,XUYCG1838F,09XUYCG1838F4ZJ,L62996TN2012GBC985919,False,UDYAM-UP-94-2255437,125.72,24416508TREYBH9727,91.1,Ekanta Lata,79766831,"Plot 194, Patparganj Industrial Area, New Delhi - 681867",False
BID_1972,"Chawla, Patel and Banerjee LLP",gem.desk@chawlapatelandbanerjee.com,XXXX XXXX 7607,BCLCN9634S,24BCLCN9634S7Z2,U78495GJ2011QXQ457388,False,UDYAM-GJ-66-1993896,20.94,24183437BCUTBO0697,87.8,Thomas Sarin,42054407,"Plot 26, Taloja MIDC, Navi Mumbai - 270995",False
BID_1973,"Menon, Gandhi and Bhavsar Limited",contact@menongandhiandbhavsar.co.in,XXXX XXXX 4083,CTGCD8563O,24CTGCD8563O7ZB,U99372KA2007NJZ646726,False,UDYAM-GJ-55-3697747,21.65,24173167HGSFQH8892,42.8,Devika Tank,59547833,"Plot 213, Whitefield Industrial Zone, Bengaluru - 320019",False
BID_1974,Patla-Gopal Pvt Ltd,contact@patlagopal.biz.in,XXXX XXXX 2848,PNSCS0263K,27PNSCS0263K3ZC,U97479TN1997ZZL209666,False,UDYAM-MH-73-5323737,26.90,24574334MADKJW4699,47.4,Krish Balasubramanian,29599720,"Plot 16, Taloja MIDC, Navi Mumbai - 426583",False
BID_1975,Som LLP,bids@som.com,XXXX XXXX 7443,MTPCE2781X,29MTPCE2781X7ZV,L53045UP2013EUR701682,False,UDYAM-KA-42-4485032,108.61,24973396PUTDBQ4970,68.5,Ekaja Dora,21342227,"Plot 193, Guindy Industrial Estate, Chennai - 731579",False
BID_1976,Chakrabarti Pvt Ltd,sales@chakrabarti.biz.in,XXXX XXXX 7258,RQFCQ8659Y,33RQFCQ8659Y8ZQ,L70302KA2014GKQ603994,False,UDYAM-TN-36-8327909,32.25,24591869BCLVNF0218,89.6,Kabir Bawa,04798377,"Plot 42, Ambattur Industrial Estate, Chennai - 337336",False
BID_1977,"Barad, Padmanabhan and Shere Limited",sales@baradpadmanabhanandshere.in,XXXX XXXX 0442,RAACK7201U,29RAACK7201U8ZA,U53684UP2002AOP214359,False,UDYAM-KA-55-6847408,53.79,24305477XJBIOV2860,91.0,Kevin Narayanan,73528640,"Plot 27, Hosur Industrial Estate, Hosur - 751450",False
BID_1978,Prasad-Sampath Limited,procurement@prasadsampath.biz.in,XXXX XXXX 2944,WWBCY4068X,24WWBCY4068X1ZR,L44133KA2004JXP575901,True,UDYAM-GJ-74-9060033,4.65,24788497RCCXDH6404,43.3,Oscar Bora,31049078,"Plot 231, Naroda Industrial Estate, Ahmedabad - 613992",False
BID_1979,Sekhon-Tank LLP,info@sekhontank.in,XXXX XXXX 1282,QLXCP5519G,27QLXCP5519G7Z2,U23700DL2011CDQ675393,False,UDYAM-MH-76-8974043,54.08,24439988FPJXYL2983,76.3,Krish Peri,32341096,"Plot 15, Rudrapur Industrial Estate, Uttarakhand - 491820",False
BID_1980,Rao Limited,bids@rao.com,XXXX XXXX 5258,QNACX0559O,24QNACX0559O8ZK,L06027UP2022AOV101929,False,UDYAM-GJ-70-3838528,70.21,24019308IVEVNO5050,84.4,Nachiket Sundaram,50416574,"Plot 140, Baddi Industrial Area, Himachal Pradesh - 647243",False
BID_1981,"Prasad, Balay and Srinivas Limited",info@prasadbalayandsrinivas.com,XXXX XXXX 7233,FKZCY9806K,09FKZCY9806K6ZT,U73333TN1999EHF477811,True,UDYAM-UP-13-3050773,1.92,24799173NGVLVD4921,27.2,Yashasvi Madan,68854555,"Plot 203, Naroda Industrial Estate, Ahmedabad - 953254",False
BID_1982,Aggarwal-Peri Limited,procurement@aggarwalperi.com,XXXX XXXX 1117,IQRCS4368I,24IQRCS4368I1Z0,U58099TN1995NOS311199,False,UDYAM-GJ-09-5382974,242.22,24428963ESSTZN8744,69.8,Chandran Kari,72840446,"Plot 192, Whitefield Industrial Zone, Bengaluru - 699992",False
BID_1983,Varty-Mukhopadhyay Limited,gem.desk@vartymukhopadhyay.com,XXXX XXXX 8298,EVFCY3993N,27EVFCY3993N9ZK,L93144KA2010ARV968885,True,UDYAM-MH-10-2166025,31.68,24379142KSXNKB7675,56.2,Gaurav Kala,85952564,"Plot 103, Noida Sector 63 Industrial Area, Noida - 032054",True
BID_1984,Bhardwaj LLP,info@bhardwaj.biz.in,XXXX XXXX 3819,SFGCP2448C,09SFGCP2448C8ZN,U48456UP1996IQM487141,False,UDYAM-UP-34-5188776,15.89,24200573BBUCSR3525,45.8,Chatura Ganesan,12186262,"Plot 50, Rudrapur Industrial Estate, Uttarakhand - 700839",False
BID_1985,Naidu-Mani Pvt Ltd,procurement@naidumani.biz.in,XXXX XXXX 6061,XIQCX1091I,07XIQCX1091I7ZO,L64832DL2002VKF512692,True,UDYAM-DL-81-5544140,17.85,24056375AVGQLU1659,56.0,Yochana Mukhopadhyay,48169245,"Plot 31, Taloja MIDC, Navi Mumbai - 870433",False
BID_1986,Yogi Pvt Ltd,bids@yogi.in,XXXX XXXX 2484,AANCM8982G,33AANCM8982G6Z9,U82390GJ2000IQS910221,True,UDYAM-TN-40-1966845,10.24,24730461QEMXHB6243,32.9,Krishna Mohanty,65873479,"Plot 183, Okhla Industrial Estate, New Delhi - 281961",False
BID_1987,Sant LLP,procurement@sant.co.in,XXXX XXXX 4106,NFJCV3707J,29NFJCV3707J3ZS,L38605UP2016BPU261616,True,UDYAM-KA-84-8879724,27.72,24810085GREZSR9380,31.8,Ishwar Devan,29902575,"Plot 139, Whitefield Industrial Zone, Bengaluru - 406959",True
BID_1988,"Muni, Tandon and Rana Pvt Ltd",admin@munitandonandrana.biz.in,XXXX XXXX 8643,LZACE8030A,09LZACE8030A8ZM,L44446TN2018YXC618948,False,UDYAM-UP-40-6202244,33.10,24474441ONNTYB5305,79.5,Nitara Saraf,74733259,"Plot 157, Guindy Industrial Estate, Chennai - 037350",False
BID_1989,"Thakur, Choudhary and Chawla Pvt Ltd",gem.desk@thakurchoudharyandchawla.in,XXXX XXXX 2165,BSBCN5817E,07BSBCN5817E8Z8,L31704MH2024XHH957756,False,UDYAM-DL-07-2988456,246.32,24923113HAFXOX7231,41.9,Reva Sood,94802062,"Plot 214, Hosur Industrial Estate, Hosur - 953800",False
BID_1990,"Gole, Kashyap and Balan Limited",admin@golekashyapandbalan.com,XXXX XXXX 9115,PSCCB9115Z,27PSCCB9115Z7Z3,L83491UP1999PPO827392,False,UDYAM-MH-47-4611668,167.05,24623654ZSVCAI0094,37.6,Azad Sane,86818979,"Plot 142, Okhla Industrial Estate, New Delhi - 504945",False
BID_1991,Iyer-Roy Pvt Ltd,gem.desk@iyerroy.co.in,XXXX XXXX 8618,HZECR3128R,27HZECR3128R9ZL,U64057UP2019VNJ773552,False,UDYAM-MH-23-7309656,127.55,24040313DSVUDC9204,40.3,Fiyaz Mangat,97039635,"Plot 170, Baddi Industrial Area, Himachal Pradesh - 144713",False
BID_1992,"Mani, Goel and Ranganathan Pvt Ltd",contact@manigoelandranganathan.biz.in,XXXX XXXX 6456,NLOCC3923G,09NLOCC3923G5ZQ,L41815DL2004DRT813392,False,UDYAM-UP-36-7041330,32.68,24735898CMDZNK4638,24.6,Nandini Upadhyay,66681664,"Plot 29, Whitefield Industrial Zone, Bengaluru - 224261",False
BID_1993,Srinivasan-Gokhale Limited,gem.desk@srinivasangokhale.com,XXXX XXXX 0623,KFWCQ7026X,27KFWCQ7026X4Z5,U32410UP2023FQD561763,False,UDYAM-MH-85-0861640,59.93,24984590VJOXTT3008,37.7,Ubika Kale,44818220,"Plot 196, Baddi Industrial Area, Himachal Pradesh - 711586",False
BID_1994,Raja-Sane Limited,bids@rajasane.com,XXXX XXXX 9574,NDRCR4548V,27NDRCR4548V7ZH,L08980TN2002PTS426371,False,UDYAM-MH-61-2045761,49.68,24062183CMQJOG6167,59.5,Kashish Mitter,29277016,"Plot 183, Noida Sector 63 Industrial Area, Noida - 074732",False
BID_1995,Patil Pvt Ltd,sales@patil.com,XXXX XXXX 4627,EJKCX1019H,09EJKCX1019H5ZH,L03186DL2015MJG220654,True,UDYAM-UP-83-3092566,1.82,24542428JZORFP9871,54.8,Dipta Tank,00914396,"Plot 215, Taloja MIDC, Navi Mumbai - 684962",False
BID_1996,Edwin Limited,contact@edwin.biz.in,XXXX XXXX 9602,DNMCL2372L,27DNMCL2372L3ZI,L43916UP2013THW305961,True,UDYAM-MH-66-6658634,14.68,24217506PFCKRA1759,20.2,Bhavya Gulati,74590796,"Plot 162, Manesar Industrial Area, Gurugram - 829455",False
BID_1997,"Chawla, Rattan and Amble Limited",bids@chawlarattanandamble.com,XXXX XXXX 9448,UDVCI5175R,09UDVCI5175R6ZR,U58233DL2017SGB201305,True,UDYAM-UP-85-3935181,18.67,24186721DYNRQM1839,81.5,Lucky Choudhry,98108217,"Plot 41, Noida Sector 63 Industrial Area, Noida - 914222",True
BID_1998,Mangal Limited,admin@mangal.co.in,XXXX XXXX 3791,MWYCV7686T,24MWYCV7686T9Z4,L51809TN2020VBP165007,False,UDYAM-GJ-96-8839534,31.34,24887923QGYSDI2503,26.0,Tristan Sen,76138338,"Plot 178, Rudrapur Industrial Estate, Uttarakhand - 195198",False
BID_1999,Gala Pvt Ltd,contact@gala.com,XXXX XXXX 0337,YOICH2206W,33YOICH2206W4ZC,L06396GJ2009TIV439502,False,UDYAM-TN-95-3546656,10.21,24641481YIWWOV7659,71.8,Neelima More,76058217,"Plot 57, Sanand GIDC Industrial Area, Ahmedabad - 245434",True
